Botanical Name,Common Name,Family,Plant Type,Origin,Maintenance,Height,Width,Light,Bloom season,Water needs,Soil,Tolerant,Toxicity,Hardiness (USDA),Bloom color,Synonyms,Genus,Mature Size,Bloom Time,Foliage,Propagation methods,href
Dudleya caespitosa ,Coast Dudleya,Crassulaceae,Succulent,California,Low,4-8 inches,4-8 inches,"Bright, Indirect Light","Spring, Summer","Low, Moderate","Well-Drained, Loamy",Drought,Non-toxic,9-11,,,,,,,,https://brainygardener.com/dudleya-caespitosa-coast-dudleya/
Agave marmorata,"Marbled Agave, Marbled Century Plant",Asparagaceae,Succulent,"Mexico, Southeastern USA",Low,3-4 feet,4-5 feet,"Full sun, Partial shade",Summer,Low,"Well-Drained, Loamy, Sandy","Deer, Drought",Mildly-toxic,9-11,"Yellow, Gold",,,,,,,https://brainygardener.com/agave-marmorata-marbled-agave/
Aeonium haworthii ‘Kiwi’,Aeonium ‘Kiwi’,Crassulaceae,Succulent,Canary Islands,Low,2-3 feet,2-3 feet,"Full sun, Partial shade",Summer,Low/Average,"Well-Drained, Loamy, Sandy","Deer, Drought",Non-toxic,10-11,Yellow,,,,,,,https://brainygardener.com/aeonium-kiwi-care/
Tulista pumila (formerly Haworthia pumila),"Pearl Plant, Pearly Dots, Miniature Aloe",Asphodelaceae,Succulent,South Africa (Western Cape),,,,Full sun to Part shade,,,Well-drained,,Non-Toxic,10a to 11b,,Haworthia margaritifera,Tulista,"Height: 3-4 inches, Spread: up to 6 inches",Summer,Evergreen,"by offsets, by cuttings",https://brainygardener.com/pearl-plant-tulista-pumila-care-guide/
Agave colorata,Mescal Ceniza,Asparagaceae,Succulent,Mexico,Low,1-3 feet,2-4 feet,"Full sun, Partial shade",Summer,Low,"Well-Drained, Loamy, Sandy","Deer, Drought",Mildly-toxic,,"Yellow, Orange",,,,,,,https://brainygardener.com/agave-colorata-mescal-ceniza/
Delosperma ‘Wheels of Wonder – Golden Wonder’ ,Delosperma ‘Golden Wonder’,Aizoaceae,Succulent,Garden Origin,Low,4-6 inches,1-2 feet,"Bright, Direct light",Summer,Low,Well-Drained,Drought,Non-Toxic,6-10,,,,,,,,https://brainygardener.com/delosperma-wheels-of-wonder-golden-wonder/
Aeonium ‘Jack Catlin’,"Aeonium ‘Jack Catlin’, Red Aeonium",Crassulaceae ,Succulent,"Hybrid, Garden origin",Low,1-2 feet,1-2 feet,Full sun,Late Spring,Low to Average,"Well-drained, Loam, Sand","Drought, Salt, Deer",No,9b-11b,Yellow,,,,,,,https://brainygardener.com/aeonium-jack-catlin-care/
Delosperma cooperi ‘Wheels of Wonder – White Wonder’,Delosperma ‘White Wonder’,Aizoaceae,Succulent,Garden Origin,Low,4-6 inches,8-10 inches,Full sun,"Spring (Late), Summer, Autumn, Winter (Early)","Low, Moderate","Well-Drained, Loamy",Drought,non-toxic,6-10,,,,,,,,https://brainygardener.com/delosperma-white-wonder/
Tillandsia xerographica,"Xerographica Air Plant, King of Air Plants",Bromeliaceae,Epiphyte,"Mexico, Guatemala, El Salvador, Honduras",,,,Full sun to Partial Shade,,,,,Non-Toxic,9b to 11a,,"Tillandsia kruseana, Tillandsia xerographica, Tillandsia tomasellii",Tillandsia,Height: 1-3 feet; Spread: 1-3 feet,"Spring, Summer",Leathery Evergreen,"by seed, by division",https://brainygardener.com/xerographica-air-plant-tillandsia-care/
Epipremnum aureum,"Golden Pothos, Devil’s Vine, Devil’s Ivy, Taro Vine, Money Plant",Araceae,Evergreen Vine,"South Africa, Australia, Southeast Asia, South Asia, Pacific Islands, West Indies",Low,20-40 feet,3-6 feet,"Bright, Indirect Light",Rare,"Low, Moderate","Well-Drained, Loamy","Drought, Low-light",Toxic,10-12,,,,,,,,https://brainygardener.com/golden-pothos-epipremnum-aureum-care/
Peperomia argyreia,"Watermelon Peperomia, Watermelon Begonia",Piperaceae,Herbaceous perennial,Northern South America to Brazil,,,,Partial shade,,,"Medium Moisture, Well-Drained",,Non-Toxic,10 to 12,,Peperomia sandersii,Peperomia,Height: 0.50-0.75 feet; Spread: 0.25-0.50 feet,Seasonal,Evergreen,"by seeds, by cuttings",https://brainygardener.com/watermelon-peperomia-peperomia-argyreia-care/
Cephalocereus senilis,Old Man Cactus,Cactaceae,Cactus,Eastern Mexico (Hidalgo and Veracruz),,,,"Full sun, Bright shade",,,Well-drained,,Non-Toxic,9 to 11,,"Cactus bradypus, Cactus senilis, Cephalophorus senilis, Cereus senilis, Echinocactus senilis, Echinocactus staplesiae, Pilocereus senilis",Cephalocereus,Height: 10 to 50 feet; Spread: 6 to 12 inches,,Evergreen,"by seeds, by cuttings",https://brainygardener.com/old-man-cactus-cephalocereus-senilis-care/
Aloe vera,"Barbados Aloe, Bitter Aloe, Aloe barbadensis",Asphodelaceae,Succulent,Arabian Peninsula,Low,1-2 feet,2-3 feet,Full sun,"Spring, Summer",Low,"Well-Drained, Loamy, Sandy","Deer, Drought, Salt",Toxic,10-12,"Yellow, Green",,,,,,,https://brainygardener.com/aloe-vera-barbados-aloe-care/
Agave parryi var. huachucensis,"Huachuca Agave, Artichoke Agave",Asparagaceae,Succulent,"Arizona, Texas, New Mexico",Low,1-2 feet,4-5 feet,Full sun,Summer,Low,"Well-Drained, Loamy, Sandy","Deer, Drought",Mildly-toxic,8-12,"Red, Pink",,,,,,,https://brainygardener.com/agave-parryi-var-huachucensis-huachuca-agave/
Dudleya cymosa,Canyon Liveforever,Crassulaceae,Succulent,"California, Oregon",Low,4-6 inches,4-6 inches,"Bright, Indirect Light","Spring, Summer","Low, Moderate","Well-Drained, Loamy",Drought,Non-toxic,6-10,,,,,,,,https://brainygardener.com/dudleya-cymosa-canyon-liveforever/
Cleistocactus strausii,"Silver Torch Cactus, Wooly Torch Cactus",Cactaceae,Cactus,Bolivia,,,,Full sun,,,Well-drained,,Non-Toxic,9a to 11b,,Borzicactus strausii Cephalocereus strausii Cereus strausii Denmoza strausii Pilocereus strausii,Cleistocactus,Height: 3 to 10 feet; Spread: 3 to 6 feet,Summer,Evergreen,"by seeds, by cuttings",https://brainygardener.com/silver-torch-cactus-cleistocactus-strausii-care/
Aporocactus flagelliformis,Rat Tail Cactus,Cactaceae,Succulent,Mexico and Central America,,,,Full sun,,,Well-drained,,,,,"Aporocactus leptophis, Cactus flagelliformis, Cereus flagelliformis, Disocactus flagelliformis",Aporocactus,Height: up to 4 Inches; Spread: 3 to 6 feet,"Spring, Summer",Evergreen,"by seeds, by stem cuttings",https://brainygardener.com/rat-tail-cactus-aporocactus-flagelliformis-care/
Dudleya pulverulenta,Chalk Dudleya,Crassulaceae,Succulent,"California, Arizona, Nevada, Utah",Low,12-24 inches,12-24 inches,"Bright, Indirect Light","Spring, Summer","Low, Moderate","Well-Drained, Loamy",Drought,Non-toxic,9-12,,,,,,,,https://brainygardener.com/dudleya-pulverulenta-chalk-dudleya/
Delosperma Hotcakes ‘Banana Blast’,"Delosperma Hotcakes ‘Banana Blast’, Banana Blast Ice Plant",Aizoaceae,Succulent,Garden Origin,Low,6-8 inches,10-12 inches,Full sun,"Summer, Autumn","Low, Moderate","Well-Drained, Loamy",Drought,non-toxic,6-10,,,,,,,,https://brainygardener.com/delosperma-hotcakes-banana-blast/
Kalanchoe delagoensis,"Chandelier Plant, Mother of Millions",Crassulaceae,Succulent,Madagascar,,,,Full sun to Part shade,,,"Dry, Well-drained",,Mildly Toxic,10b to 11a,,Bryophyllum delagoense,Kalanchoe,"Height: 4 feet, Spread: 2 feet",Winter,Evergreen,by plantlets,https://brainygardener.com/chandelier-plant-kalanchoe-delagoensis-care/
Neoregelia carolinae ‘Tricolor’,Blushing Bromeliad,Bromeliaceae,Epiphyte,Garden Origin,,,,Part shade to full shade,,,"Moist, Well–drained",,Non-Toxic,10 to 11,,,Neoregelia,Height: 0.75-1.50 feet; Spread: 0.75-1.50 feet,Summer,Evergreen,"by seed, by offsets",https://brainygardener.com/blushing-bromeliad-neoregelia-carolinae-care/
Philodendron erubescens,Red-Leaf Philodendron,Araceae,Vine,Americas,Low,2-60 feet,4-6 inches ,"Bright, Indirect Light","Spring, Summer","Low, Moderate","Well-Drained, Loamy",,Toxic,10-11,,,,,,,,https://brainygardener.com/philodendron-erubescens-red-leaf-philodendron/
Parodia mammulosa,"Tom Thumb Cactus, Lemon Ball Cactus",Cactaceae,Cactus,Brazil to Argentina,,,,Full sun,,,Well-drained,,Non-Toxic,9b to 11b,,Echinocactus mammulosus Malacocarpus mammulosus Notocactus mammulosusRitterocactus mammulosus,Parodia,up to 6 inches,Summer,Evergreen,"by seeds, by cuttings",https://brainygardener.com/tom-thumb-cactus-parodia-mammulosa-care/
Cereus repandus,"Peruvian Apple Cactus, Apple Cactus, Peruvian Cactus, Queen of the Night, Night Blooming Cereus",Cactaceae,Cactus,"Brazil, Paraguay, Uruguay, Argentina",,,,Full sun,,,Well-drained,,Non-Toxic,9 to 11,,Cereus peruvianus,Cereus,Height: 20-50 feet; Spread: 11-15 feet,Summer,,"by cuttings, by offsets, by seeds",https://brainygardener.com/peruvian-apple-cactus-cereus-repandus-care/
Kalanchoe blossfeldiana,"Flaming Katy, Christmas kalanchoe, Florist kalanchoe, Madagascar widow’s thrill",Crassulaceae,Herbaceous perennial,Madagascar,,,,Full sun to Part shade,,,"Moist, Well-drained",,,10 to 12,,Kalanchoe globulifera var. coccinea,Kalanchoe,Height: 0.5-1.5 feet; Spread: 0.5-1.5 feet,Spring,Evergreen,"by seeds, by offsets",https://brainygardener.com/flaming-katy-kalanchoe-blossfeldiana-care/
Agave attenuata ‘Nova’,"Agave attenuata ‘Nova’, Agave Attentuata ‘Boutin Blue’, Blue Fox tail Agave",Asparagaceae,Succulent,Garden Origin,Low,3-5 feet,3-5 feet,"Full sun, Partial shade",Summer,Low,"Well-Drained, Loamy, Sandy","Deer, Drought, Salt",Mildly Toxic,8-12,"Yellow, Green",,,,,,,https://brainygardener.com/agave-attenuata-nova-boutin-blue/
Euphorbia milii,"Crown of Thorns, Christ Plant, Christ Thorn",Euphorbiaceae,Broadleaf evergreen,Madagascar,,,,Full sun,,,Well-drained,,Moderately Toxic,9 to 11,,,Euphorbia,Height: 3-6 feet; Spread: 1-3 feet,Seasonal,Evergreen,"by seeds, by tip cuttings",https://brainygardener.com/crown-of-thorns-plant-euphorbia-milii-care/
Euphorbia obesa,"Baseball Plant, Gingham Golf Ball, Sea Urchin Plant",Euphorbiaceae,Succulent,South Africa (Graaff Reinet area),,,,Full sun,,,Well-drained,,Mildly Toxic,10 to 11,,,Euphorbia,"Height: up to 8 inches, Spread: up to 4 inches",Summer,Evergreen,"by seeds, by cuttings",https://brainygardener.com/baseball-plant-euphorbia-obesa-indoor-care/
Epipremnum aureum ‘HANSOTI14’,"Manjula Pothos, Happy Leaf Pothos",Araceae,Evergreen Vine,Australia ,Low,6 feet,2-3 feet,"Bright, Indirect Light","Spring, Summer","Low, Moderate","Well-Drained, Loamy",Drought,Toxic,11-12,,,,,,,,https://brainygardener.com/manjula-pothos-care/
Kalanchoe daigremontiana,"Mother of Thousands Plant, Devil’s backbone, Mexican Hat Plant",Crassulaceae,Succulent,Madagascar,,,,Full sun to partial shade,,,Well-drained,,Moderately Toxic,9 to 11,,Bryophyllum daigremontianum,Kalanchoe,3 feet,Winter,Evergreen,"by offsets, by cuttings",https://brainygardener.com/mother-of-thousands-kalanchoe-daigremontiana/
Cotyledon orbiculata,"Pig’s Ear, Round-Leafed Navel-Wort",Crassulaceae,Succulent,South Africa,,,,Full sun,,,Well-drained,,Moderately Toxic,9a to 11b,,Cotyledon elata Cotyledon ovata Cotyledon ramosaCotyledon oblonga,Cotyledon,Height: 2-4 feet; Spread: up to 1 foot,"Summer, Autumn",Evergreen,"by seeds, by cuttings",https://brainygardener.com/pigs-ear-plant-cotyledon-orbiculata-indoor-care/
Agave chrysantha,Golden-Flowered Century Plant,Asparagaceae,Succulent,Arizona,Low,2-3 feet,4-5 feet,"Full sun, Partial shade",Summer,Low,"Well-Drained, Loamy, Sandy","Deer, Drought, Salt",Mildly-toxic,,"Yellow, Gold",,,,,,,https://brainygardener.com/agave-chrysantha-golden-flowered-century-plant/
Philodendron cordatum,,Araceae,Vine,Southeast Brazil,Low,6 feet,8 feet ,"Bright, Indirect Light","Spring, Summer","Low, Moderate","Well-Drained, Loamy",,Toxic,9-11,,,,,,,,https://brainygardener.com/philodendron-cordatum-growing-and-care-guide/
Aloe arborescens ,"Torch Aloe, Krantz Aloe, Candelabra Aloe",Asphodelaceae,Succulent,South Africa,Low,6-10 feet,6-10 feet,Full sun,Winter,Low,"Well-Drained, Loamy, Sandy","Deer, Drought, Salt",non-toxic,9-11,"Orange, red",,,,,,,https://brainygardener.com/aloe-arborescens-torch-aloe-care/
Astrophytum myriostigma,"Bishop’s Cap, Bishop’s Hat, Monk’s Hood, Deacons Hat, Bishop’s Hood, Miter Cactus",Cactaceae,Cactus,"Central, Northern Mexico",,,,Full sun to Partial shade,,,"Dry, Well-drained",,Non-Toxic,10 to 11,,"Astrophytum prismaticum, Cereus callicoche, Echinocactus myriostigma",Astrophytum,Height: 0.25 to 2.00 feet; Spread: 0.25 to 0.75 feet,"Spring, Summer",Evergreen,by seeds,https://brainygardener.com/bishops-cap-cactus-astrophytum-myriostigma-care/
Beschorneria yuccoides,Mexican Lily,Asparagaceae,Succulent,Mexico,Low,3-7 feet,3-4 feet,"Full sun, Partial shade","Spring, Summer",Low,"Well-Drained, Loamy, Sandy",Drought,non-toxic,8-11,"Green, Red",,,,,,,https://brainygardener.com/beschorneria-yuccoides-mexican-lily-care/
Aloe aristata,"Torch Plant, Lace aloe",Asphodelaceae,Succulent,"South Africa, Lesotho",Low,0-1 feet,0-1 feet,"Full sun, Partial shade",Winter,Low,"Well-Drained, Loamy, Sandy","Deer, Drought",Mildly-toxic,8-12,"Orange, Red",,,,,,,https://brainygardener.com/aloe-aristata-torch-plant-care/
Crassula capitella ‘Campfire’,Crassula Campfire,Crassulaceae,Succulent,Garden Origin,Low,up to 6 inches,up to 36 inches,"Full sun, Partial shade",Summer,Low,"Well-Drained, Loamy, Sandy","Deer, Drought",Toxic,9-12,White,,,,,,,https://brainygardener.com/crassula-capitella-campfire-crassula-campfire/
Mammillaria,Pincushion Cactus,Cactaceae,Cactus,"Mexico, Southwestern United States, South America, Caribbean",,,,Full sun to Partial shade,,,Well-Drained,,Non-Toxic,,,"Ebnerella, Haagea, Lactomammillaria, Mammariella, Neomammillaria",,,,Evergreen,"by seeds, by offsets",https://brainygardener.com/pincushion-cactus-mammillaria-indoor-care/
Scindapsus Pictus ‘Silvery Ann’,Silvery Ann Pothos,Araceae,Evergreen Vine,Garden Origin,Low,6 feet,2-3 feet,"Bright, Indirect Light","Spring, Summer","Low, Moderate","Well-Drained, Loamy",Drought,Toxic,9-11,,,,,,,,https://brainygardener.com/silvery-ann-pothos/
"Philodendron bipinnatifidum, Thaumatophyllum bipinnatifidum, Philodendron selloum",Tree Philodendron,Araceae,Flowering,South America,Low,6 feet,8 feet ,"Bright, Indirect Light","Spring, Summer","Low, Moderate","Well-Drained, Loamy",,Toxic,9-11,,,,,,,,https://brainygardener.com/tree-philodendron-philodendron-bipinnatifidum/
Graptopetalum paraguayense,"Ghost Plant, Mother of Pearl Plant",Crassulaceae,Succulent,Mexico,,,,Full sun or light shade,,,Well-drained,,Non-Toxic,9a to 11b,,"Byrnesia weinbergii, Cotyledon paraguayensis, Echeveria weinbergii, Sedum weinbergii",Graptopetalum,"Height: around 12 inches, Spread: 3 feet",Random,Evergreen,"by cuttings, by offsets",https://brainygardener.com/ghost-plant-graptopetalum-paraguayense-care/
Echeveria lilacina,Ghost Echeveria,Crassulaceae,Succulent,Mexico,Low,6 inches,6-10 inches,"Bright, Indirect Light","Spring, Summer","Low, Moderate","Well-Drained, Loamy",Drought,Non-toxic,9-12,,,,,,,,https://brainygardener.com/echeveria-lilacina-ghost-echeveria/
Agave ,Plant,Asparagaceae,Succulent,"California, Nevada, Utah, Arizona",Low,1-2 feet,1-3 feet,"Full sun, Partial shade",Summer,Low,"Well-Drained, Loamy, Sandy","Deer, Drought, Rabbit",Mildly-toxic,6-10,"Yellow, Gold",,,,,,,https://brainygardener.com/agave-utahensis-utah-agave/
Gonialoe variegata,"Tiger Aloe, Partridge-breasted Aloe",Asphodelaceae,Succulent,"South Africa, Namibia",,,,Full sun to Partial shade,,,Well-drained,,Non-Toxic,9 to 11,,Aloe variegata,Gonialoe,"up to 25 inches tall, up to 12 inches wide",Summer,Evergreen,"by seeds, by offsets",https://brainygardener.com/tiger-aloe-gonialoe-variegata-indoor-care-guide/
Dracaena trifasciata,"Snake Plant, Golden Bird’s Nest, Mother-in-Law’s Tongue, Good Luck Plant",Asparagaceae,Herbaceous perennial,Tropical West Africa,,,,Partial Shade,,,Well-drained,,Mildly Toxic,10 to 12,,"Sansevieria aureovariegata, Sansevieria jacquinii, Sansevieria laurentii, Sansevieria trifasciata",Dracaena,Height: 2-4 feet; Spread: 1-2 feet,Spring (rarely flowers indoors),Evergreen,"by leaf cuttings, by suckers, by division",https://brainygardener.com/snake-plant-dracaena-trifasciata-care/
Disocactus ackermannii,"Orchid Cactus, Pond Lily Cactus",Cactaceae,Cactus,Mexico,,,,Partial shade,,,Well-drained,,Non-Toxic,10 to 11,,"Cereus ackermannii,Epiphyllum ackermannii, Heliocereus ackermannii, Nopalxochia ackermannii, Phyllocactus ackermannii",Disocactus,"Height: up to 30 cm, Spread: up to 60 cm",Spring,Evergreen,"by cuttings, by grafting, by seeds",https://brainygardener.com/orchid-cactus-disocactus-ackermannii-care/
 Calathea Roseopicta ,"Rose Painted Calathea, Black Rose, Jungle rose",Marantaceae,Herbaceous perennial,Western South America to Western Brazil,,,,Part shade to full shade,,,"Moist, Well-Drained, Fertile & Loamy",,None,11 to 12,,"Calathea illustris, Maranta illustris, Maranta roseopicta, Maranta wagneri, Phyllodes roseopicta",Calathea,Height: 1-1.5 feet; Spread: 0.75-1 feet,Seasonal bloomer,"Colorful, Evergreen",Division,https://brainygardener.com/definitive-calathea-roseopicta-care-guide/
Ferocactus cylindraceus,"Compass Barrel Cactus, California Barrel Cactus, Desert Barrel Cactus",Cactaceae,Cactus,"Southwestern United States, Northwestern Mexico",,,,Full sun,,,Well-drained,,Non-Toxic,9 to 11,,Ferocactus acanthodes,Ferocactus,Up to 6.6 feet (2m),Summer,Evergreen,by seeds,https://brainygardener.com/compass-barrel-cactus-ferocactus-cylindraceus/
Epipremnum aureum ‘Neon’ ,Neon Pothos,Araceae,Evergreen Vine,Australia,Low,10 feet,2-3 feet,"Bright, Indirect Light","Spring, Summer","Low, Moderate","Well-Drained, Loamy",Drought,Toxic,11-12,,,,,,,,https://brainygardener.com/neon-pothos-care/
,Echeveria ‘Lady Aquarius’,Crassulaceae,Succulent,"Texas, Mexico, Central and South America",Low,8 inches,8 inches,"Bright, Indirect Light","Spring, Summer","Low, Moderate","Well-Drained, Loamy",Drought,Non-toxic,9-12,,,,,,,,https://brainygardener.com/echeveria-lady-aquarius/
"Delosperma cooperi ‘Kelaidis,’ Delosperma ‘Mesa Verda’",Delosperma ‘Kelaidis’,Aizoaceae,Succulent,Garden Origin,Low,3-6 inches,1-2 feet,Full sun,"Spring (Late), Summer, Autumn, Winter (Early)","Low, Moderate","Well-Drained, Loamy",Drought,non-toxic,4-8,,,,,,,,https://brainygardener.com/delosperma-kelaidis/
Echeveria elegans,"Mexican Gem, Mexican Hens and Chicks, Mexican Snow Ball, White Mexican Rose",Crassulaceae,Succulent Perennial,Northeastern Mexico,,,,Full Sun to Partial Shade,,,"Occasionally dry, Well-drained",,Non-Toxic,9 to 11,,"Echeveria potosina, Echeveria albicans",Echeveria,"Height: 10 cm, Width 50 cm","Spring, Winter",Evergreen,"by division, by seeds, by cuttings",https://brainygardener.com/echeveria-elegans-indoor-care-guide/
Philodendron melanochrysum,Black-Gold Philodendron,Araceae,Vine,South America,Low,3-5 feet,1-2 feet ,"Bright, Indirect Light","Spring, Summer","Low, Moderate","Well-Drained, Loamy",,Toxic,9-11,,,,,,,,https://brainygardener.com/philodendron-melanochrysum/
Crassula ovata ‘Hummel’s Sunset’,Golden Jade Tree,Crassulaceae,Succulent,"Eastern Cape Province, South Africa",Low,1-3 feet,1-2 feet,"Bright, Indirect Light","Spring, Summer",Low,Well-Drained,"Drought, Dry soil",Toxic,9-12,,,,,,,,https://brainygardener.com/crassula-ovata-hummels-sunset/
Aloe hereroensis,Sand Aloe,Asphodelaceae,Succulent,South West Africa,Low,1-2 feet,1-2 feet,Full sun,,Low,"Well-Drained, Loamy, Sandy","Deer, Drought",non-toxic,9-11,Red (rarely yellow),,,,,,,https://brainygardener.com/aloe-hereroensis-sand-aloe-care/
Parodia haselbergii,Scarlet Ball Cactus,Cactaceae,Cactus,Brazil,,,,Full sun to Part shade,,,Well-drained,,Non-Toxic,,,"Notocactus haselbergii, Brasilicactus haselbergii",Parodia,Height: 10 cm; Spread: 15 cm,"Late Winter, Early Spring",Evergreen,"by seeds, by division",https://brainygardener.com/scarlet-ball-cactus-parodia-haselbergii-care/
Dasylirion Acrotrichum ,Green Desert Spoon,Asparagaceae,"Cactus – Succulents, Shrubs",Mexico ,Low,5 – 6 feet,5 – 6 feet,Direct sunlight,Summer,Low,"Well-Drained, Loamy",Drought,Non-Toxic,8-10,,,,,,,,https://brainygardener.com/green-desert-spoon/
 Epipremnum aureum ‘Hawaiian’,Hawaiian Pothos,Araceae,Evergreen Vine,French Polynesia,Low,2-3 feet,,"Bright, Indirect Light",Spring (Rare),"Low, Moderate","Well-Drained, Loamy",Drought,Toxic,11-12,,,,,,,,https://brainygardener.com/hawaiian-pothos/
Agave ‘Blue Flame’,Blue Flame Agave,Asparagaceae,Succulent,Garden Origin,Low,2-3 feet,3-4 feet,"Full sun, Partial shade",Summer,Low,"Well-Drained, Loamy, Sandy","Deer, Drought, Salt",Mildly-toxic,8-11,Yellow,,,,,,,https://brainygardener.com/agave-blue-flame-care/
Phoenix roebelenii,"Dwarf Date Palm, Miniature Date Palm, Pygmy Date Palm, Robellini Palm",Arecaceae,Deciduous Palm Tree,"China, Laos, Northern Vietnam",,,,Full sun to part shade,,,"Moist, Well–drained",,Non-toxic,10 to 11,,,Phoenix,Height: 6-12 feet; Spread: 5-10 feet,Summer,Evergreen,by seeds,https://brainygardener.com/pygmy-date-palm-phoenix-roebelenii-indoor-care/
Rebutia,Crown Cactus,Cactaceae,Cactus,"Bolivia, Argentina",,,,Full sun to Partial shade,,,Well-drained,,Non-Toxic,,,,,,,Evergreen,"by seeds, by offsets",https://brainygardener.com/crown-cactus-rebutia-indoor-care-guide/
Aloe dorotheae,Sunset Aloe,Asphodelaceae,Succulent,Tanzania,Low,0-1 feet,1-2 feet,"Full sun, Partial sun",Winter,Low,"Well-Drained, Loamy, Sandy","Deer, Drought",non-toxic,10-11,Greenish-Yellow,,,,,,,https://brainygardener.com/aloe-dorotheae-sunset-aloe-care/
Echeveria setosa,"Mexican Firecracker, Firecracker Plant, Hens and Chicks",Crassulaceae,Succulent,Mexico,,,,Full sun to Part shade,,,Well-drained,,Mildly Toxic,9 to 11,,,Echeveria,Height: up to 2 inches; Spread: up to 12 inches,"Spring, Summer",Evergreen,"by cuttings, by offsets",https://brainygardener.com/mexican-firecracker-plant-echeveria-setosa-care/
Gymnocalycium mihanovichii,"Moon Cactus, Ruby Ball Cactus, Red Cap Cactus, Red Hibotan, Red Cactus",Cactaceae,Cactus,"Paraguay, Northeast Argentina",,,,Full sun to partial shade,,,Well-drained,,Non-Toxic,,,"Echinocactus mihanovichii, Gymnocalycium friedrichii",Gymnocalycium,,,Evergreen,"Regrafting, Offsets",https://brainygardener.com/moon-cactus-gymnocalycium-mihanovichii-care/
Vriesea splendens,"Flaming Sword Bromeliad, Vriesea",Bromeliaceae,Epiphyte,"Trinidad, eastern Venezuela, and the Guianas",,,,Partial shade,,,"Dry, Good Drainage",,Non-Toxic,10 to 12,,"Lutheria splendens, Tillandsia splendens, Vriesea speciosa, Tillandsia speciosa, Tillandsia appuniana, Tillandsia picta",Vriesea,Height: 2.5-3 feet; Spread: 1.5-2 feet,Summer,Evergreen,"by seeds, by offsets",https://brainygardener.com/flaming-sword-bromeliad-vriesea-splendens-care/
Ananas comosus var. variegatus,"Ivory Pineapple, Variegated Pineapple",Bromeliaceae,Bromeliad,Tropical Americas,,,,Full sun,,,Good Drainage,,Low,10 to 12,,Ananas striatifolius,Ananas,Height: 2-3 feet; Spread: 2-4 feet,Summer,Evergreen,by offsets,https://brainygardener.com/variegated-pineapple-ananas-comosus-care/
,Echeveria ‘Imbricata’,Crassulaceae,Succulent,Mexico,Low,4-8 inches,4-6 inches,"Bright, Indirect Light","Spring, Summer","Low, Moderate","Well-Drained, Loamy",Drought,Non-toxic,9-12,,,,,,,,https://brainygardener.com/echeveria-imbricata/
Delosperma cooperi ‘Jewel of the Desert Moonstone’,Delosperma ‘Jewel of the Desert Moonstone’,Aizoaceae,Succulent,Garden Origin,Low,4-6 inches,8-10 inches,Full sun,"Spring (Late), Summer, Autumn, Winter (Early)","Low, Moderate","Well-Drained, Loamy",Drought,non-toxic,5-10,,,,,,,,https://brainygardener.com/delosperma-jewel-of-the-desert-moonstone/
Epipremnum aureum ‘Pearls and Jade’,Pearls and Jade Pothos,Araceae,Evergreen Vine,South Pacific,Low,6-10 feet,2-3 feet,"Bright, Indirect Light","Spring, Summer","Low, Moderate","Well-Drained, Slightly Moist",,Toxic,9-12,,,,,,,,https://brainygardener.com/pearls-and-jade-pothos/
Clivia miniata,"Bush Lily, Natal Lily, Kaffir Lily",Amaryllidaceae,Herbaceous perennial,"South Africa, Swaziland",,,,Part shade or Deep shade,,,"Dry or Moist, Well Drained",,Mildly Toxic,9 to 11,,,Clivia,Height: 1-2 feet; Spread: 2-3 feet,Seasonal bloomer,Evergreen,"by seed, by division",https://brainygardener.com/clivia-miniata-bush-lily-care-guide/
Dudleya farinosa,"Bluff Lettuce, Powdery Liveforever",Crassulaceae,Succulent,California,Low,4-9 inches,8-12 inches,"Bright, Indirect Light","Spring, Summer","Low, Moderate","Well-Drained, Loamy",Drought,Non-toxic,9-11,,,,,,,,https://brainygardener.com/dudleya-farinosa-bluff-lettuce/
,Delosperma ‘Jewel of the Desert Garnet’,Aizoaceae,Succulent,Garden Origin,Low,4-6 inches,8-10 inches,Full sun,"Spring, Summer, Fall, Winter (Early)","Low, Moderate","Well-Drained, Loamy",Drought,Non-Toxic,5-10,,,,,,,,https://brainygardener.com/delosperma-jewel-of-the-desert-garnet/
Agave franzosinii ,Majestic Agave,Asparagaceae,Succulent,Mexico,Low,6-8 feet,8-10 feet,Full sun,Summer,Low,"Well-Drained, Loamy, Sandy","Deer, Drought, Salt",Mildly-toxic,8-11,Yellow,,,,,,,https://brainygardener.com/agave-franzosinii-majestic-agave/
Cylindropuntia Bigelovii ,Teddybear Cholla,Cactaceae,Cactus – Succulent,Southwestern United States,Low,3 – 8 feet,3 – 8 feet,Direct sunlight,"Spring, Summer",Low,Well-Drained,Drought,Non-Toxic,9-11,,,,,,,,https://brainygardener.com/cylindropuntia-bigelovii-teddybear-cholla/
Glottiphyllum linguiforme,Tongue Leaf Plant,Aizoaceae,Succulent,South Africa (Cape Province),,,,Full Sun,,,Well-drained,,Non-Toxic,,,Mesembryanthemum linguiforme,Glottiphyllum,"Height: 6 cm, Spread: 30 cm",Summer,Evergreen,"by seeds, by cuttings",https://brainygardener.com/tongue-leaf-plant-glottiphyllum-linguiforme/
Echeveria pulidonis,Pulido’s Echeveria,Crassulaceae,Succulent,Mexico,Low,6-8 inches,6-8 inches,"Bright, Indirect Light","Spring, Summer","Low, Moderate","Well-Drained, Loamy",Drought,Non-toxic,9-12,,,,,,,,https://brainygardener.com/echeveria-pulidonis/
Pachyphytum oviferum,"Moonstone Succulent, Sugar Almond Plant, Pearly Moonstones",Crassulaceae,Succulent,Mexico,,,,Full sun to part shade,,,Well-drained,,Non-Toxic,10a to 11b,,,Pachyphytum,Height: 4 inches; Spread: 12 inches,Spring,Evergreen,"by cuttings, by seeds",https://brainygardener.com/moonstone-succulent-pachyphytum-oviferum-care/
Philodendron hederaceum var. hederaceum,"Philodendron micans, Velvet-Leaf Philodendron",Araceae,Vine,Americas,Low,8 inches,24 inches,"Bright, Indirect Light","Spring, Summer","Low, Moderate","Well-Drained, Loamy",,Toxic,10-11,,,,,,,,https://brainygardener.com/philodendron-micans-velvet-leaf-philodendron/
,Echeveria ‘Afterglow’,Crassulaceae,Succulent,"Mexico, Americas",Low,12-24 inches,12-24 inches,"Bright, Indirect Light","Spring, Summer","Low, Moderate","Well-Drained, Loamy",Drought,Non-toxic,9-12,,,,,,,,https://brainygardener.com/echeveria-afterglow/
Echeveria ‘Arlie Wright’,,Crassulaceae,Succulent,"Mexico, South America",Low,4 inches,4 inches,"Bright, Indirect Light","Spring, Summer","Low, Moderate","Well-Drained, Loamy",Drought,Non-toxic,9-12,,,,,,,,https://brainygardener.com/echeveria-arlie-wright/
Agave parryi var. truncata,Artichoke Agave,Asparagaceae,Succulent,"Arizona, Texas, New Mexico",Low,1-2 feet,2-3 feet,Full sun,Summer,Low,"Well-Drained, Loamy, Sandy","Deer, Drought",Mildly-toxic,8-12,"Yellow, Orange",,,,,,,https://brainygardener.com/agave-parryi-var-truncata-artichoke-agave/
Schlumbergera,Holiday Cactus,Cactaceae,Cactus,Brazil,,,,Partial shade,,,Well-Drained,,Non-Toxic,,,"Epiphyllanthus, Opuntiopsis, Zygocactus, Zygocereus, Epiphyllum",,,Easter to Christmas,Evergreen,"by seeds, by cuttings",https://brainygardener.com/holiday-cactus-schlumbergera-indoor-care-guide/
,Delosperma ‘Jewel of the Desert Opal’,Aizoaceae,Succulent,Garden Origin,Low,4-6 inches,8-10 inches,Full sun,"Spring, Summer, Fall, Winter (Early)","Low, Moderate","Well-Drained, Loamy",Drought,Non-Toxic,5-10,,,,,,,,https://brainygardener.com/delosperma-jewel-of-the-desert-opal/
Crassula muscosa,"Watch Chain Plant, Watch Chain Succulent, Watch-Chain Cypress, Moss Cypress, Princess Pine, Rattail Crassula, Toy Cypress",Crassulaceae,Succulent,"South Africa, Namibia",,,,Full sun to Part shade,,,Well-drained,,Non-Toxic,9a to 10b,,"Crassula lycopodioides, Crassula pseudolycopodioides",Crassula,15 to 20 cm,Spring,Evergreen,"by seeds, by cuttings",https://brainygardener.com/watch-chain-plant-crassula-muscosa-indoor-care/
Guzmania lingulata,"Droophead Tufted Airplant, Orange Star plant, Scarlet Star, Vase Plant",Bromeliaceae,Epiphyte,Tropical Americas,,,,Partial shade,,,"Loamy, well-drained",,Non-Toxic,10 to 12,,"Tillandsia lingulata, Caraguata lingulata, Guzmania cardinalis, Guzmania minor, Caraguata splendens, Guzmania peacockii",Guzmania,Height: 1-2 feet; Spread: 1-2 feet,Summer,Evergreen,by offsets,https://brainygardener.com/scarlet-star-guzmania-lingulata-care-guide/
Agave striata,Narrow Leaf Century Plant,Asparagaceae,Succulent,Northeastern Mexico,Low,1-2 feet,2-3 feet,Full sun,Summer,Low,"Well-Drained, Loamy, Sandy","Deer, Drought, Rabbit, Dry Soil",Mildly-toxic,7-11,Pale yellow,,,,,,,https://brainygardener.com/agave-striata-narrow-leaf-century-plant/
Epipremnum pinnatum ‘N’Joy’,"NJoy Pothos, N’Joy Pothos",Araceae,Evergreen Vine,Asia,Low,10 feet,2-3 feet,"Bright, Indirect Light","Spring, Summer","Low, Moderate","Well-Drained, Slightly Moist",,Toxic,10-11,,,,,,,,https://brainygardener.com/njoy-pothos-care/
Agave desmettiana ‘Variegata’,Smooth Agave,Asparagaceae,Succulent,Garden Origin,Low,2-3 feet,3-4 feet,"Full sun, Partial shade",Summer,Low,"Well-Drained, Loamy, Sandy","Deer, Drought, Salt",Mildly-toxic,9-11,Yellow,,,,,,,https://brainygardener.com/agave-desmettiana-variegata-care/
Lithops,"Living Stone, Pebble Plants",Aizoaceae,Succulent,Southern Africa,,,,Full sun to Partial shade,,,Well-drained,,Non-toxic,9A to 11,,,,"Height: 1 inch, Spread: 1-3 inches",Autumn and Early Winter,Evergreen,"by seeds, by cuttings",https://brainygardener.com/living-stone-lithops-indoor-care-guide/
Schlumbergera gaertneri (Previously Hatiora gaertneri),"Easter Cactus, Holiday Cactus, Whitsun",Cactaceae,Cactus,Brazil,,,,Partial Shade,,,Well-Drained,,Non-Toxic,10 to 12,,"Epiphyllum gaertneri, Epiphyllum makoyanum, Epiphyllum russellianum, Hatiora gaertneri, Rhipsalidopsis gaertneri, Rhipsalis gaertneri",Schlumbergera,"Height: 0.5-1 feet, Spread: 1-2 feet",Spring,Evergreen,"by seeds, by cuttings",https://brainygardener.com/easter-cactus-schlumbergera-gaertneri-care/
,Delosperma ‘Jewel of the Desert Peridot’,Aizoaceae,Succulent,Garden Origin,Low,4-6 inches,8-10 inches,Full sun,"Spring (Late), Summer, Autumn, Winter (Early)","Low, Moderate","Well-Drained, Loamy",Drought,non-toxic,5-10,,,,,,,,https://brainygardener.com/delosperma-jewel-of-the-desert-peridot/
Agave vilmoriniana,Octopus Agave,Asparagaceae,Succulent,Mexico,Low,3-4 feet,5-6 feet,Full sun,Summer,Low,"Well-Drained, Loamy, Sandy","Deer, Drought",Mildly-toxic,9-11,"Yellow, Gold",,,,,,,https://brainygardener.com/agave-vilmoriniana-octopus-agave/
Epipremnum aureum ‘Shangri La’,Shangri La Pothos,Araceae,Evergreen Vine,Garden Origin,Low,2-3 feet,2-3 feet,"Bright, Indirect Light","Spring, Summer","Low, Moderate","Well-Drained, Loamy",Drought,Toxic,,,,,,,,,https://brainygardener.com/shangri-la-pothos/
Delosperma cooperi ‘Wheels of Wonder – Violet Wonder’,Delosperma ‘Violet Wonder’,Aizoaceae,Succulent,Garden Origin,Low,4-6 inches,8-10 inches,Full sun,"Spring (Late), Summer, Autumn, Winter (Early)","Low, Moderate","Well-Drained, Loamy",Drought,non-toxic,6-10,,,,,,,,https://brainygardener.com/delosperma-violet-wonder/
Crassula perforata,String of Buttons,Crassulaceae,Succulent,South Africa,Low,1-2 feet ,2-3 feet,"Bright, Indirect Light",Spring,Low,"Well-Drained, Loamy",Drought,Toxic,9-12,,,,,,,,https://brainygardener.com/crassula-perforata/
Agave havardiana,Havard Agave,Asparagaceae,Succulent,"Texas, Mexico",Low,2-3 feet,3-5 feet,Full sun,Summer,Low,"Well-Drained, Loamy, Sandy","Deer, Drought, Dry or Rocky Soil",non-toxic,5-10,"Yellow, Gold",,,,,,,https://brainygardener.com/agave-havardiana-havard-agave/
Alocasia × amazonica,"Elephant Ear Plant, African Mask Plant",Araceae,Bulb,Garden Origin,,,,Part shade,,,"Moist, Well-drained",,Severely Toxic,10 to 12,,,Alocasia,Height: 1-2 feet; Spread: 1-2 feet,"Summer, Spring",Evergreen,"by seeds, by division",https://brainygardener.com/african-mask-plant-alocasia-amazonica-care/
Austrocindropuntia subulata,Eve’s Needle Cactus,Cactaceae,Succulent,"Peruvian Andes, Bolivia, Argentina",Low,1-13 feet,1-5 feet,Full sun,,Low,"Well-Drained, Loamy, Sandy","Deer, Drought, Rabbit",non-toxic,9-11,"Red, Orange, Green",,,,,,,https://brainygardener.com/austrocylindropuntia-subulata-eves-needle/
Agave ‘Cream Spike’,Cream Spike Agave,Asparagaceae,Succulent,Garden Origin,Low,4 inches,6 inches ,"Full sun, Partial shade",Summer,Low,"Well-Drained, Loamy, Sandy","Deer, Drought, Salt",Mildly-toxic,8-11,Yellow,,,,,,,https://brainygardener.com/agave-cream-spike-care/
Aeonium canariense,"Canary Island Aeonium, Giant Velvet Rose, Tree Aeonium",Crassulaceae,Succulent,Canary Islands,Low,2-3 feet,2-3 feet,"Full sun, Partial shade",Summer,Low/Average,"Well-Drained, Loamy, Sandy","Deer, Drought, Salt",Non-toxic,9-11,Yellow,,,,,,,https://brainygardener.com/aeonium-canariense-canary-island-aeonium-care/
Aeonium tabuliforme,"Dinner Plate Aeonium, Flat-topped Aeonium",Crassulaceae,Succulent,Canary Islands,Low,2-6 inches,1-2 feet,Full sun,Spring,Low/Average,"Well-Drained, Loamy, Sandy","Deer, Drought",Non-toxic,9-11,Yellow,,,,,,,https://brainygardener.com/aeonium-tabuliforme-care/
Aeonium ‘Cyclops’,Giant Red Aeonium,Crassulaceae,Succulent,"Hybrid, Garden origin",Low,4-5 feet,3-4 feet,Full sun,"Late Winter, Early Spring",Low/Average,"Well-drained, Sandy/Loamy","Deer, Drought",No,9-11,Yellow Gold,,,,,,,https://brainygardener.com/aeonium-cyclops-care/
Aloe cameronii,Red Aloe,Asphodelaceae,Succulent,Africa,Low,1-2 feet,2-4 feet,Full sun,"Spring, Winter",Low,"Well-Drained, Loamy, Sandy","Deer, Drought",Non-toxic,9-12,"Red, Orange",,,,,,,https://brainygardener.com/aloe-cameronii-red-aloe-care/
Phalaenopsis amabilis,"Moon Orchid, Moth Orchid, Phalaenopsis Orchid",Orchidaceae,"Herbaceous, perennial","East Indies, Australia",,,,Part shade,,,Well-drained,,Non-Toxic,,,Epidendrum amabileCymbidium amabileSynadena amabilis,Phalaenopsis,up to 4 feet,April to December,Evergreen,"by cuttings, by offshoots",https://brainygardener.com/moth-orchid-phalaenopsis-amabilis-indoor-care/
Lithops pseudotruncatella,Truncate Living Stone,Aizoaceae,Succulent,Namibia,,,,Full sun to part shade,,,Well-drained,,Non-Toxic,10a to 11b,,"Lithops alpina Dinter, Lithops elisabethiae, Lithops mundtii, Lithops pseudotruncatella var. alpina, Lithops pseudotruncatella var. riehmerae, Lithops pseudotruncatella subsp. volkii Mesembryanthemum pseudotruncatellum",Lithops,up to 10 cm,"Summer, Autumn",Evergreen,"by seeds, by offsets",https://brainygardener.com/truncate-living-stone-lithops-pseudotruncatella/
Aloe rubroviolacea,Arabian Aloe,Asphodelaceae,Succulent," Yemen, Saudi Arabia",Low,2-3 feet,4-6 feet,Full sun,Winter,Low,"Well-Drained, Loamy, Sandy","Deer, Drought",non-toxic,9-11,Red,,,,,,,https://brainygardener.com/aloe-rubroviolacea-arabian-aloe-care/
Agave desmetiana ‘Joe Hoak’,Agave ‘Joe Hoak’,Asparagaceae,Succulent,Garden Origin,Low,2-3 feet,3-4 feet,"Full sun, Partial shade",Summer,Low,"Well-Drained, Loamy, Sandy","Deer, Drought, Salt",Mildly-toxic,9-11,Yellow,,,,,,,https://brainygardener.com/agave-joe-hoak-care/
Delosperma cooperi,"Delosperma cooperi, Ice Plant, Hardy Ice Plant",Aizoaceae,Succulent,Garden Origin,Low,3-6 inches,1-2 feet ,Full sun,"Summer, Autumn","Low, Moderate","Well-Drained, Loamy",Drought,non-toxic,6-10,,,,,,,,https://brainygardener.com/delosperma-cooperi/
Delosperma cooperi ‘Wheels of Wonder – Hot Pink Wonder’,Delosperma ‘Hot Pink Wonder’,Aizoaceae,Succulent,Garden Origin,Low,4-6 inches,8-10 inches,Full sun,"Spring (Late), Summer, Autumn, Winter (Early)","Low, Moderate","Well-Drained, Loamy",Drought,non-toxic,6-10,,,,,,,,https://brainygardener.com/delosperma-hot-pink-wonder/
Epipremnum aureum ‘Jessenia’,Jessenia Pothos,Araceae,Evergreen Vine,South America,Low,10 feet,2-3 feet,"Bright, Indirect Light","Spring, Summer","Low, Moderate","Well-Drained, Loamy",Drought,Toxic,10-12,,,,,,,,https://brainygardener.com/jessenia-pothos/
Dasylirion Wheeleri ,Desert Spoon,Asparagaceae,"Cactus – Succulents, Shrubs","Mexico, United States",Low,3-4 feet,4-5 feet,Direct Light,Summer,Low,Well-Drained,Drought,Non-Toxic,8-11,,,,,,,,https://brainygardener.com/dasylirion-wheeleri-desert-spoon/
"Aloidendron barberae (former name: Aloe bainesii, Aloe barberae)",Tree Aloe,Asphodelaceae,Succulent,South Africa,Low,20-30 feet,10-20 feet,"Full sun, Partial shade",Winter,Low,"Well-Drained, Loamy, Sandy","Deer, Drought, Rocky Soil",non-toxic,9-11,Rose Pink (tipped with green),,,,,,,https://brainygardener.com/aloidendron-barberae-tree-aloe-care/
Epipremnum Aureum ‘Harlequin’,Harlequin Pothos,Araceae,Evergreen Vine,Garden Origin,Low,10 feet,2-3 feet,"Bright, Indirect Light","Spring, Summer","Low, Moderate","Well-Drained, Loamy",Drought,Toxic,10-11,,,,,,,,https://brainygardener.com/harlequin-pothos/
Aloe marlothii,Mountain Aloe,Asphodelaceae,Succulent,South Africa,Low,8-10 feet,4-6 feet,Full sun,Winter,Low,"Well-Drained, Loamy, Sandy","Deer, Drought",non-toxic,9-12,"Red, Yellow",,,,,,,https://brainygardener.com/aloe-marlothii-mountain-aloe-care/
,Delosperma ‘Jewel Of The Desert Rosequartz’,Aizoaceae,Succulent,Garden Origin,Low,4-6 inches,8-10 inches,"Bright, Direct Light","Spring (Late), Summer, Autumn, Winter (Early)",Low,Well-Drained,Drought,Non-Toxic,5-10,,,,,,,,https://brainygardener.com/delosperma-jewel-of-the-desert-rosequartz/
,Delosperma ‘Jewel Of The Desert Grenade’,Aizoaceae,Succulent,South Africa,Low,4-6 inches,8-10 inches,Direct Light,"Spring (Late), Summer, Autumn, Winter (Early)",Low,Well-Drained,Drought,Non-Toxic,5-10,,,,,,,,https://brainygardener.com/delosperma-jewel-of-the-desert-grenade/
Agave shawii,Shaw’s Agave,Asparagaceae,Succulent,"Baja California, California",Low,2-3 feet,2-3 feet,Full sun,Summer,Low,"Well-Drained, Loamy, Sandy","Deer, Drought",Mildly-toxic,9-10,"Yellow, Gold",,,,,,,https://brainygardener.com/agave-shawii-shaws-agave/
Cryptanthus bivittatus,"Dwarf Rose-Stripe Star, Earth Star plant, Green earth star, Pink Starlite, Starfish plant, Star Plant, Vary-leaf star",Bromeliaceae,Bromeliad,Brazil,,,,Partial shade,,,"Moist, Well–drained",,Non-toxic,10 to 12,,,Cryptanthus,Height: 0.25-0.50 feet; Spread: 0.50-1.00 feet,July to August,Evergreen,"by seeds, by offsets",https://brainygardener.com/earth-star-plant-cryptanthus-bivittatus-care/
Epipremnum pinnatum ‘Baltic Blue’ ,Baltic Blue Pothos,Araceae,Evergreen Vine,Southeast Asia,Low,10 feet,2-3 feet,"Bright, Indirect Light","Spring, Summer","Low, Moderate","Well-Drained, Loamy",Drought,Toxic,10-11,,,,,,,,https://brainygardener.com/baltic-blue-pothos/
Aeonium decorum,Green Pinwheel,Crassulaceae,Succulent,Canary Islands,Low,1-2 feet,1-2 feet,"Full sun, Partial shade","Spring, Summer",Low/Average,"Well-Drained, Loamy, Sandy","Deer, Drought, Salt",Non-toxic,9-11,Yellow,,,,,,,https://brainygardener.com/aeonium-decorum-green-pinwheel-care/
Agave parryi,"Parry’s Agave, Mezcal Agave, Century Plant",Asparagaceae,Succulent,Americas,Low,1-3 feet,2-3 feet,"Full sun, Partial shade",Summer,Low,"Well-Drained, Loamy, Sandy","Deer, Drought, Salt",Mildly-toxic,7-10,"Yellow, Gold",,,,,,,https://brainygardener.com/agave-parryi-parrys-agave/
Echeveria derenbergii,"Painted Lady Echeveria, Blue Echeveria, Copper Rose, Maroon Chenille Plant, Painted Lady, Painted-Lady, Plush Plant, Wax Rosette",Crassulaceae,Succulent,Mexico,,,,Full sun to Part shade,,,Well-drained,,Non-Toxic,9a to 11b,,,Echeveria,Height: up to 4 inches; Spread: 20 to 30 inches,Year-round,Evergreen,by cuttings,https://brainygardener.com/painted-lady-echeveria-echeveria-derenbergii/
Agave parrasana,Cabbage Head Agave,Asparagaceae,Succulent,Mexico,Low,1-2 feet,1-2 feet,"Full sun, Partial shade",Summer,Low,"Well-Drained, Loamy, Sandy","Deer, Drought, Salt",Mildly-toxic,7-11,"Yellow, Gold",,,,,,,https://brainygardener.com/agave-parrasana-cabbage-head-agave/
Crassula capitella ‘Red Pagoda’,Crassula Red Pagoda,Crassula,Succulent,South Africa,Low,10 feet,2-3 feet,"Full sun, Partial Shade",Summer,Low,"Well-Drained, Loamy",Drought,Toxic,9-12,,,,,,,,https://brainygardener.com/crassula-red-pagoda/
Dracaena sanderiana,"Fortune plant, Sander’s dracaena, Ribbon plant, Lucky bamboo, Curly bamboo, Chinese water bamboo, Friendship bamboo",Asparagaceae,Herbaceous perennial,West Central Tropical Africa to North East Angola,,,,Partial shade to Full shade,,,Moist,,Mildly Toxic,10 to 12,,"Dracaena braunii, Pleomele braunii, Pleomele sanderiana",Dracaena,Height: 3-5 feet; Spread: 3-5 feet,Rarely flowers indoors,Evergreen,by stem cuttings,https://brainygardener.com/lucky-bamboo-dracaena-sanderiana-care-guide/
Echinocactus grusonii,"Golden Barrel Cactus, Golden Ball Cactus, Mother-in-law’s-cushion, Mother-in-law’s-seat",Cactaceae,Cactus,Mexico,,,,Full sun to Part shade,,,Well-drained,,Non-Toxic,9a to 11b,,"Echinocactus corynacanthus, Echinocactus galeottii",Echinocactus,Height: up to 2 inches; Spread: up to 3 inches,Summer,Evergreen,by seeds,https://brainygardener.com/golden-barrel-cactus-echinocactus-grusonii-care/
Aeonium arboreum,"Tree Houseleek, Tree Aeonium, Irish Rose",Crassulaceae,Succulent,Canary Islands,Low,3-5 feet,3-5 feet,"Full sun, Partial shade",Spring,Low/Average,"Well-Drained, Loamy, Sandy","Deer, Drought, Salt",Non-toxic,9-11,Yellow,,,,,,,https://brainygardener.com/aeonium-arboreum-care/
Epipremnum aureum ‘Global Green’,Global Green Pothos,Araceae,Evergreen Vine,Garden Origin,Low,5-10 feet,2-3 feet,"Bright, Indirect Light","Spring, Summer","Low, Moderate","Well-Drained, Loamy",Drought,Toxic,10-12,,,,,,,,https://brainygardener.com/global-green-pothos/
Monstera deliciosa,"Swiss Cheese Plant, Ceriman, Hurricane Plant, Mexican Breadfruit, Mother-in-Law",Araceae,Vine,"Mexico, Central America",,,,Partial shade,,,"Moist, Well–drained",,Moderately Toxic,10 to 12,,"Monstera borsigiana, Monstera deliciosa, Monstera deliciosa, Monstera tacanaensis, Philodendron anatomicum, Philodendron pertusum, Tornelia fragrans",Monstera,Height: 8-12 feet; Spread: 5-8 feet,"Spring, Summer",Evergreen,"by seed, by cuttings, by layering",https://brainygardener.com/swiss-cheese-plant-monstera-deliciosa-care/
Agave filifera,"Thread Agave, Thread-leaf Agave",Asparagaceae,Succulent,Central Mexico,,,,Full sun,,,Well-drained,,Mildly Toxic,9 to 11,,"Agave filamentosa, Agave pseudofilifera, Bonapartea filamentosa",Agave,Height: 9-15 inches; Spread: 9-18 inches,Summer,Evergreen,by offsets,https://brainygardener.com/thread-agave-agave-filifera-indoor-care-guide/
Aloe x principis,Aloe principis,Asphodelaceae,Succulent,South Africa,Low,6-9 feet,3-6 feet,Full sun,Winter,Low,"Well-Drained, Loamy, Sandy","Deer, Drought",non-toxic,9-11,"Red, Orange",,,,,,,https://brainygardener.com/aloe-principis-aloe-x-principis/
Mimosa pudica,"Sensitive plant, Sleepy plant, Action plant, Touch-me-not Plant, Shameplant, Humble Plant",Fabaceae,Perennial,"Caribbean, South and Central America",,,,Full Sun to Partial shade,,,"Moist, Well–drained",,Mildly Toxic,,,,Mimosa,Up to 5 feet tall,Summer,Evergreen,"by seed, by cuttings",https://brainygardener.com/touch-me-not-plant-mimosa-pudica-indoor-care/
Crassula ovata,"Jade Plant, Money Plant, Lucky Plant, Money Tree",Crassulaceae,Succulent Evergreen,"South Africa, Mozambique",,,,Full sun or Partial Shade,,,"Dry, Good Drainage",,"toxic to humans, horses, dogs, and cats",11 to 12,,"Cotyledon lutea, Cotyledon ovata, Crassula argentea, Crassula articulata Zuccagni, Crassula nitida Schönland, Crassula obliqua Aiton, Crassula portulacea",Crassula,Height: 3-6 feet; Spread: 2-3 feet,Seasonal bloomer,Broadleaf Evergreen,"by seeds, by cuttings",https://brainygardener.com/crassula-ovata-care-and-jade-plant-guide/
Aloe nobilis,Golden Toothed Aloe,Asphodelaceae,Succulent,South Africa,Low,6-12 inches,8-12 inches,"Full sun, Light shade",Summer,Low,"Well-Drained, Loamy, Sandy","Deer, Drought",non-toxic,9-11,Orange,,,,,,,https://brainygardener.com/aloe-nobilis-golden-toothed-aloe-care/
Hedera helix,"Algerian Ivy, Baltic Ivy, Branching Ivy, California Ivy, Common Ivy, English Ivy, Glacier Ivy, Needlepoint Ivy, Sweetheart Ivy",Araliaceae,Vine,"Europe, Scandinavia, Russia",,,,"Full sun, Dappled Sun, Partial shade, Deep shade",,,"Good Drainage, Moist",,Medium Severity,4 to 9,,"Hedera burgalensis, Hedera caucasigena",Hedera,Height: 20-80 feet; Spread: 3-50 feet,September to October,Evergreen,by cuttings,https://brainygardener.com/english-ivy-hedera-helix-indoor-care-guide/
Philodendron gloriosum,,Araceae,Vine,South America,Low,3 feet,2 feet ,"Bright, Indirect Light","Spring, Summer","Low, Moderate","Well-Drained, Loamy",,Toxic,10-11,,,,,,,,https://brainygardener.com/philodendron-gloriosum-growing-and-care-guide/
Aloe maculata,Soap Aloe,Asphodelaceae,Succulent,South Africa,Low,1-2 feet,1-2 feet,"Full sun, Part shade","Winter, Spring",Low,"Well-Drained, Loamy, Sandy","Deer, Drought, Salt",non-toxic,8-12,Coral Orange,,,,,,,https://brainygardener.com/aloe-maculata-soap-aloe-care/
Cylindropuntia Echinocarpa ,Silver Cholla,Cactaceae,Cactus – Succulent,"United States, Northwestern Mexico",Low,6 – 10 feet,0.1 – 0.3 feet,"Bright, Direct sunlight","Spring, Summer",Low,Well-Drained,Drought,Non-Toxic,9-11,,,,,,,,https://brainygardener.com/cylindropuntia-echinocarpa/
Agave bracteosa,"Squid Agave, Spider Agave",Asparagaceae,Succulent,Mexico,Low,1 foot,1-2 feet,Full sun,Summer,Low,"Well-Drained, Loamy, Sandy","Deer, Drought, Salt",non-toxic,7-11,Creamy White,,,,,,,https://brainygardener.com/agave-bracteosa-squid-agave/
Echeveria laui ,,Crassulaceae,Succulent,Mexico,Low,6 inches,5 inches,"Bright, Indirect Light","Spring, Summer","Low, Moderate","Well-Drained, Loamy",Drought,Non-toxic,9-12,,,,,,,,https://brainygardener.com/echeveria-laui/
Aloe polyphylla,Spiral Aloe,Asphodelaceae,Succulent,Lesotho,Low,1 ft.,1-2 ft.,Full sun,"Spring, Summer",Low,"Well-Drained, Loamy, Sandy","Deer, Drought",non-toxic,9-12,"Red, Pink",,,,,,,https://brainygardener.com/aloe-polyphylla-spiral-aloe-care/
,Echeveria ‘Frank Reinelt’ ,Crassulaceae,Succulent,Mexico,Low,3-4 inches,6-8 inches,"Bright, Indirect Light","Spring, Summer","Low, Moderate","Well-Drained, Loamy",Drought,Non-toxic,9-12,,,,,,,,https://brainygardener.com/echeveria-frank-reinelt/
,Delosperma ‘Jewel Of The Desert Ruby’,Aizoaceae,Succulent,Garden Origin,Low,4-6 inches,8-10 inches,Bright Light,"Spring (Late), Summer, Autumn",Low,Well-Drained,Drought,Toxic,5-10,,,,,,,,https://brainygardener.com/delosperma-jewel-of-the-desert-ruby/
Echinopsis chamaecereus,Peanut Cactus,Cactaceae,Cactus,Argentina,,,,Full sun,,,Well-drained,,,10a to 11b ,,"Chamaecereus silvestrii,Lobivia silvestrii",Echinopsis,Height: up to 6 inches; Spread: up to 12 inches,"Spring, Summer",Evergreen,"by seeds, by offsets",https://brainygardener.com/peanut-cactus-echinopsis-chamaecereus-care/
Epipremnum aureum ‘Snow Queen’ ,Snow Queen Pothos,Araceae,Evergreen Vine,Asia,Low,6-10 feet,2-3 feet,"Bright, Indirect Light","Spring, Summer","Low, Moderate","Well-Drained, Loamy",Drought,Toxic,10-11,,,,,,,,https://brainygardener.com/snow-queen-pothos/
Cylindropuntia Imbricata ,Tree Cholla,Cactaceae,Cactus – Succulents,"Southwestern United States, Northwestern Mexico",Low,3-8 feet,0.8 feet,Bright light,"Spring, Summer",Low,Well-Drained,"Drought, Dry soil",Non-Toxic,5-11,,,,,,,,https://brainygardener.com/cylindropuntia-imbricata/
Epipremnum pinnatum ‘Cebu Blue’,Cebu Blue Pothos,Araceae,Evergreen Vine,Asia,Low,10-40 feet,2-3 feet,"Bright, Indirect Light","Spring, Summer","Low, Moderate","Well-Drained, Loamy",Drought,Toxic,9-11,,,,,,,,https://brainygardener.com/cebu-blue-pothos/
Epipremnum aureum ‘Jade’,Jade Pothos,Araceae,Evergreen Vine,South Pacific,Low,20-40 feet,3-6 feet,"Bright, Indirect Light","Spring, Summer","Low, Moderate","Well-Drained, Slightly Moist",,Toxic,10-12,,,,,,,,https://brainygardener.com/jade-pothos-care/
Astrophytum asterias,"Star Cactus, Sand Dollar Cactus, Sea Urchin Cactus, Star Peyote",Cactaceae,Cactus,"Texas, Mexico",,,,"Full sun, Bright shade",,,"Sandy, Well-drained",,Non-Toxic,9 to 11,,Echinocactus asterias,Astrophytum,Height: up to 2 inches; Spread: up to 6 inches,Summer,,by seeds,https://brainygardener.com/star-cactus-astrophytum-asterias-indoor-care/
Ananas comosus,"Pineapple, bananas, pina",Bromeliaceae,"Fruit, perennial","Brazil, Tropical South America",,,,Full sun to partial shade,,,"Moist, Well-drained",,Low Severity,10 to 12,,"Bromelia ananas, Bromelia comosa, Distiacanthus communis",Ananas,Height: 3-4. feet; Spread: 3-4 feet,Seasonal bloomer,Evergreen,"by offset, by side shoot",https://brainygardener.com/pineapple-ananas-comosus-indoor-care-guide/
,Echeveria ‘Princess Lace’,Crassulaceae,Succulent,"Mexico, Texas, Americas",Low,6-24 inches,10-12 inches,"Bright, Indirect Light","Spring, Summer","Low, Moderate","Well-Drained, Loamy",Drought,Non-toxic,9-12,,,,,,,,https://brainygardener.com/echeveria-princess-lace/
Echeveria agavoides,Lipstick Echeveria,Crassulaceae,Succulent,Mexico,Low,6 inches,6-12 inches,"Bright, Indirect Light","Spring, Summer","Low, Moderate","Well-Drained, Loamy",Drought,Non-toxic,9-12,,,,,,,,https://brainygardener.com/echeveria-agavoides-lipstick-echeveria/
Sempervivum tectorum,"Common Houseleek, Hens and Chicks, House Leek, Roof House Leek",Crassulaceae,Succulent,Southern Europe,,,,Full sun to part shade,,,Well-drained,,Non-Toxic,3-8,,,Sempervivum,Height: 6-8 inches; Spread: 6-8 inches,Summer,Evergreen,"by seeds, by offsets",https://brainygardener.com/common-houseleek-sempervivum-tectorum/
Saxifraga stolonifera,Strawberry Begonia,Saxifragaceae,Herbaceous perennial,"China, Japan, South Korea, Taiwan",,,,Part shade to Full shade,,,Well-drained,,Non-Toxic,7 to 9,,"Adenogyna sarmentosa, Diptera sarmentosa, Ligularia sarmentosa, Robertsonia sarmentosa, Saxifraga sarmentosa",Saxifraga,Height: 0.5-1.5 feet; Spread: 1-2 feet,May to June,Evergreen,"by seed, by plantlets",https://brainygardener.com/strawberry-begonia-saxifraga-stolonifera-care/
Agave macroacantha,Black Spined Agave,Asparagaceae,Succulent,Mexico,Low,1-2 feet,2-4 feet,"Full sun, Partial shade",Summer,Low,"Well-Drained, Loamy, Sandy","Deer, Drought",Mildly-toxic,8-11,"Purple, Green",,,,,,,https://brainygardener.com/agave-macroacantha-black-spined-agave/
,Echeveria ‘Perle von Nurnberg’,Crassulaceae,Succulent,Mexico,Low,8-10 inches,6-8 inches,"Bright, Indirect Light","Spring, Summer","Low, Moderate","Well-Drained, Loamy",Drought,Non-toxic,9-12,,,,,,,,https://brainygardener.com/echeveria-perle-von-nurnberg/
Wallisia Cyanea,Pink Quill,Bromeliaceae,Epiphyte,Ecuador,,,,Partial or dappled shade,,,Orchid or Bark Mix,,Non-Toxic,,,"Phytarrhiza lindenii,  Tillandsia cyanea, Tillandsia lindenii, Tillandsia morreniana, Wallisia lindenii", Wallisia,"Height: 10-20 inch, Spread: 10-20 inch","Spring, Autumn",Evergreen,"by seed, by offsets",https://brainygardener.com/pink-quill-wallisia-cyanea-indoor-care-guide/
Scindapsus pictus,"Satin pothos, Silk pothos, Silver pothos, Silver Vine",Araceae,Evergreen Vine,Southeast Asia,Low,4-10 feet,2-3 feet,"Bright, Indirect Light",Summer,"Low, Moderate","Well-Drained, Loamy",Drought,Toxic,10-12,,,,,,,,https://brainygardener.com/satin-pothos-scindapsus-pictus/
Aloe vanbalenii,"Van Balen’s Aloe, Octopus Aloe",Asphodelaceae,Succulent,South Africa,Low,2-3 feet,3-4 feet,"Full sun, Partial Shade","Winter, Spring",Low,"Well-Drained, Loamy, Sandy","Deer, Drought",non-toxic,9-11,"Yellow, Orange",,,,,,,https://brainygardener.com/aloe-vanbalenii-van-balens-aloe-care/
Agave attenuata,"Fox Tail Agave, Elephant’s Tail Agave, Lion’s Tail Agave, Swan’s Neck Agave",Asparagaceae,Succulent,Mexico,Low,5-6 feet,6-8 feet,"Full sun, Partial shade",Summer,Low,"Well-Drained, Loamy, Sandy","Deer, Drought, Salt",Mildly-toxic,9-12,"Yellow, Green",,,,,,,https://brainygardener.com/agave-attenuata-fox-tail-agave/
Aloe broomii,"Snake Aloe, Mountain Aloe",Asphodelaceae,Succulent,South Africa,Low,1-3 feet,1-3 feet,"Full sun, Light shade","Spring, Summer",Low,"Well-Drained, Loamy, Sandy","Deer, Drought",non-toxic,9-11,"Yellow, White",,,,,,,https://brainygardener.com/aloe-broomii-snake-aloe-care/
Agave ovatifolia,Whale’s Tongue Agave ,Asparagaceae,Succulent,Mexico,Low,3-4 feet,4-6 feet,"Full sun, Partial shade",Summer,Low,"Well-Drained, Loamy, Sandy","Deer, Drought",Mildly-toxic,7-11,"Yellow, Green",,,,,,,https://brainygardener.com/agave-ovatifolia-whales-tongue-agave/
Mammillaria zeilmanniana,Rose Pincushion Cactus,Cactaceae,Cactus,Mexico,,,,Full sun to part shade,,,Well-drained,,Non-Toxic,9 to 10,,"Mammillaria crinita f. zeilmanniana, Neomammillaria zeilmanniana, Chilita zeilmanniana, Ebnerella zeilmanniana",Mammillaria,Height: up to 5 inches; Spread: up to 3 inches,Any time of the year,Evergreen,"by seeds, by offsets",https://brainygardener.com/rose-pincushion-cactus-mammillaria-zeilmanniana/
Philodendron ‘Birkin‘,Philodendron Birkin,Araceae,Vine,Central America,Low,3 feet,3 feet ,"Bright, Indirect Light","Spring, Summer","Low, Moderate","Well-Drained, Loamy",,Toxic,9-11,,,,,,,,https://brainygardener.com/philodendron-birkin-care/
Platycerium bifurcatum,"Staghorn Fern, Common Staghorn Fern, Elkhorn Fern",Polypodiaceae,Epiphytic Fern,"Africa, Australia, Southeast Asia",,,,Part shade,,,"Moist, Well–drained",,Non-Toxic,9 to 13,,,Platycerium,Height: 2-3 feet; Spread: 2-3 feet,,Evergreen,"by spores, by offsets",https://brainygardener.com/staghorn-fern-platycerium-bifurcatum-care/
Aloe vaombe,Malagasy Tree Aloe,Asphodelaceae,Succulent,Madagascar,Low,8-12 feet,4-5 feet,Full sun,Winter,Low,"Well-Drained, Loamy, Sandy","Deer, Drought",non-toxic,9-11,Red,,,,,,,https://brainygardener.com/aloe-vaombe-malagasy-tree-aloe-care/
Carnegiea gigantea,Saguaro,Cactaceae,Succulent,"Sonoran Desert (Arizona, California, Mexico)",Low,10-50 feet,,Full sun,"Spring, Summer",Low,"Well-Drained, Loamy, Sandy","Deer, Drought, Salt",non-toxic,,White,,,,,,,https://brainygardener.com/carnegiea-gigantea-saguaro-care/
Opuntia microdasys,"Bunny Ear Cactus, Polka Dot Cactus, Angel’s Wings Cactus",Cactaceae,Cactus,Central and northern Mexico,,,,Full sun,,,Well-drained,,Non-Toxic,9 to 12,,,Opuntia,Height: 2-3 feet; Spread: 4-6 feet,Summer,Evergreen,"by seeds, by stem segments",https://brainygardener.com/bunny-ear-cactus-opuntia-microdasys-indoor-care/
Cotyledon orbiculata var. oblonga ‘Macrantha’,Pig’s Ear Plant,Crassulaceae,Succulent,South Africa,Low,2-3 feet,2-3 feet,"Full sun, Partial shade","Winter, Spring",Low,"Well-Drained, Loamy, Sandy",Drought,non-toxic,9-12,"Coral, Red",,,,,,,https://brainygardener.com/cotyledon-orbiculata-var-oblonga-macrantha/
Aeonium ‘Blushing Beauty’,Blushing Aeonium,Crassulaceae (Stonecrops),"Succulent, House plant, Perennial",Canary Islands,Low,2-3 feet (60cm – 90cm),2-3 feet (60cm – 90cm),"Full Sun, Partial Shade",Spring,Low/Moderate,"Well-drained; Loam, Sand","Drought, Deer, Salt",Non-toxic to Pets,9-11,Yellow,,,,,,,https://brainygardener.com/aeonium-blushing-beauty-care/
Aloe plicatilis,Fan Aloe,Asphodelaceae,Succulent,South Africa,Low,4-8 feet,4-6 feet,"Full sun, Light shade","Winter, Spring",Low,"Well-Drained, Loamy, Sandy","Deer, Drought",non-toxic,9-12,Red,,,,,,,https://brainygardener.com/aloe-plicatilis-fan-aloe-care/
Aloe microstigma,Cape Speckled Aloe,Asphodelaceae,Succulent,South Africa,Low,1-2 feet,1-2 feet,Full sun,"Winter, Summer",Low,"Well-Drained, Loamy, Sandy","Deer, Drought",non-toxic,9-11,"Red, Orange, Yellow",,,,,,,https://brainygardener.com/aloe-microstigma-cape-speckled-aloe-care/
,Echeveria ‘Cassyz Winter’,Crassulaceae,Succulent,Mexico,Low,6-8 inches,6-8 inches,"Bright, Indirect Light","Spring, Summer","Low, Moderate","Well-Drained, Loamy",Drought,Non-toxic,9-12,,,,,,,,https://brainygardener.com/echeveria-cassyz-winter/
Astrophytum myriostigma var. nudum,Bishop’s Miter,Cactaceae,Succulent,Garden Origin,Low,1-4 feet,1-4 feet,Full sun,"Spring, Summer",Low,"Well-Drained, Loamy, Sandy","Deer, Drought, Rabbit, Rocky Soil",non-toxic,10-11,Pale Yellow,,,,,,,https://brainygardener.com/astrophytum-myriostigma-var-nudum-bishops-miter/
Crassula arborescens,"Silver Dollar Jade, Chinese Jade, Silver Jade Plant",Crassulaceae,Succulent,South Africa,Low,1-4 feet,1-4 feet,"Full sun, Partial shade","Spring, Summer",Low,"Well-Drained, Loamy, Sandy","Deer, Drought",Toxic,9-11,"Pink, White",,,,,,,https://brainygardener.com/crassula-arborescens-silver-dollar-jade-care/
Delosperma ‘Fire Spinner’ ,Ice Plant,Aizoaceae,Succulent,South Africa,Low,0-1 feet,1-2 feet,Direct sunlight,"Spring (late), Summer(early)",Low,Well-Drained,Drought,Non-Toxic,6-10,,,,,,,,https://brainygardener.com/delosperma-fire-spinner/
Agave victoriae-reginae,"Queen Victoria Agave, Royal Agave",Asparagaceae,Succulent,Mexico,,,,Full sun to Bright shade,,,"Porous, Well-drained",,Non-Toxic,9 to 11,,"Agave consideranti, Agave ferdinandi-regis, Agave nickelsii",Agave,"Height: up to 3 feet, Spread: up to 3 feet",Summer,Evergreen,"by seeds, by offsets",https://brainygardener.com/queen-victoria-agave-agave-victoriae-reginae/
Dracaena marginata,"Dragon Tree, Madagascar Dragon Tree, Red edge Dracaena",Asparagaceae,Broadleaf Evergreen,"Madagascar, Mauritius",,,,"Part shade, Part Sun",,,"Loamy, Well-Drained",,"Toxic to Dogs, Toxic to Cats",10-12,,Dracaena reflexa,Dracaena,Height: 6 ft. – 20 ft.Width: 3 ft. – 10 ft.,Seasonal bloomer,Evergreen,"by seed, by cuttings",https://brainygardener.com/dracaena-marginata-dragon-tree-care-guide/
Senecio rowleyanus,"String of Pearls, Bead Plant, Irish Beads, Necklace Plant, Rosary Vine, String of Beads, String of Marbles, String of Peas",Asteraceae,Succulent Vine,Southwest Africa,,,,Partial shade,,,"Dry, Well-Drained",,Mildly Toxic,9b to 11a,,Curio rowleyanus,Senecio,Height: 1 to 2 feet; Spread: 1 to 2 feet,Summer,Evergreen,"by cuttings, by division, by seeds",https://brainygardener.com/string-of-pearls-senecio-rowleyanus-care/
Hippeastrum,Amaryllis,Amaryllidaceae,Bulb,Central and South America,,,,Full sun to part shade,,,"Good Drainage, Moist",,Medium Severity,7b to 10,,,,Height: 1-2 feet; Spread: about 1 feet,"Spring, Summer, Winter",Deciduous,"by seed, by offsets, by twin scale cuttings",https://brainygardener.com/amaryllis-hippeastrum-indoor-care-guide/
"Mesembryanthemum cordifolium (Accepted), Aptenia cordifolia","Baby Sun Rose, Heartleaf Iceplant",Aizoaceae,Succulent,South Africa,Low,0-1 feet,1-2 feet,"Full sun, Partial shade",Summer,Low,"Well-Drained, Loamy, Sandy",Drought,non-toxic,10-11,"Red, Purple",,,,,,,https://brainygardener.com/aptenia-cordifolia-baby-sun-rose-care/
Calandrinia grandiflora,Rock Purslane,Montiaceae,Succulent,Chile,Low,1-3 feet,2-3 feet,"Full sun, Partial shade","Spring, Summer, Autumn",Low,"Well-Drained, Loamy, Sandy",Drought,non-toxic,9-11,"Purple, Magenta",,,,,,,https://brainygardener.com/calandrinia-grandiflora-rock-purslane-care/
Aeonium ‘Mardi Gras’,Aeonium ‘Mardi Gras’,Crassulaceae,Succulent,"Hybrid, Garden origin",Low,3-4 inches,4-6 inches,"Full sun, Partial shade",Spring,Low/Average,"Well-Drained, Loamy, Sandy","Deer, Drought",Mildly Toxic,9-11,Yellow,,,,,,,https://brainygardener.com/aeonium-mardi-gras-growing-and-care-guide/
Philodendron hederaceum,Heartleaf Philodendron,Araceae,Vine,Americas,Low,1-3 feet,3-8 feet ,"Bright, Indirect Light","Spring, Summer","Low, Moderate","Well-Drained, Loamy",,Toxic,9-11,,,,,,,,https://brainygardener.com/heartleaf-philodendron-philodendron-hederaceum/
,Echeveria ‘Black Prince’,Crassulaceae,Succulent,Mexico,Low,4-10 inches,5-10 inches,"Bright, Indirect Light","Spring, Summer","Low, Moderate","Well-Drained, Loamy",Drought,Non-toxic,9-12,,,,,,,,https://brainygardener.com/echeveria-black-prince/
Agave americana ‘Mediopicta Alba’,Agave americana ‘Mediopicta Alba’,Asparagaceae,Succulent,Garden Origin,Low,3-4 feet,5-6 feet,"Full sun, Partial shade",Summer,Low,"Well-Drained, Loamy, Sandy","Deer, Drought, Salt",Mildly-toxic,8-11,Yellow,,,,,,,https://brainygardener.com/agave-americana-mediopicta-alba-care/
,Delosperma ‘Jewel Of The Desert Topaz’,Aizoaceae,Succulent,Garden Origin,Low,4-6 inches,8-10 inches,Bright light,"Spring, Summer, Autumn",Low,Well-Drained,Drought,Non-Toxic,5-10,,,,,,,,https://brainygardener.com/delosperma-jewel-of-the-desert-topaz/
Aloe capitata var. quartziticola,,Asphodelaceae,Succulent,Madagascar,Low,2-3 feet,2-3 feet,"Full sun, Light shade","Spring, Summer",Low,"Well-Drained, Loamy, Sandy","Deer, Drought",non-toxic,9-12,"Yellow, Orange",,,,,,,https://brainygardener.com/aloe-capitata-var-quartziticola-care/
Parodia leninghausii,"Yellow Tower Cactus, Lemon Ball, Golden Ball",Cactaceae,Cactus,Brazil,,,,Full sun,,,Well-drained,,Non-Toxic,9a to 11b,,Echinocactus leninghausii Eriocactus leninghausii Eriocephala leninghausii Malacocarpus leninghausii Notocactus leninghausii Pilocereus leninghausii,Parodia,"Height: 3.3 feet, Spread: 6 inches","Spring, Summer",Evergreen,"by seeds, by cuttings",https://brainygardener.com/yellow-tower-cactus-parodia-leninghausii-care/
Crassula perfoliata var. minor,"Airplane Plant, Airplane Propeller Plant, Propeller Plant, Scarlet Paint Brush, Sickle Plant",Crassulaceae,Succulent,South Africa,,,,Full sun to Part shade,,,Well-drained,,Non-Toxic,9a to 11b,,Crassula perfolata var. falcata,Crassula,up to 2 feet,Summer,Evergreen,"by seeds, by cuttings",https://brainygardener.com/propeller-plant-crassula-falcata-indoor-care/
Guzmania musaica,"Mosaic Vase, Guzmania",Bromeliaceae,Epiphyte,Costa Rica to NW. Venezuela and NW. Ecuador,,,,Full Sun to Partial Shade,,,"Moist, Well-drained",,Non-Toxic,9 to 11,,"Tillandsia musaica, Billbergia musaica, Caraguata musaica, Massangea musaica, Tillandsia mosaic, Guzmania musaica var. concolor, Guzmania musaica var. discolor, Guzmania musaica var. rosea, Guzmania musaica var. zebrina",Guzmania,"Height: 0.2 to 0.5 feet, Spread: 0.2 to 0.4 feet",Summer,Leathery Evergreen,by offsets,https://brainygardener.com/guzmania-musaica-indoor-care-guide/
Agave montana,Mountain Agave,Asparagaceae,Succulent,Northeastern Mexico,Low,3-4 feet,4-5 feet,"Full sun, Partial shade",Summer,Low,"Well-Drained, Loamy, Sandy","Deer, Drought, Rabbit",Non-toxic,7-10,"Yellow, Gold",,,,,,,https://brainygardener.com/agave-montana-mountain-agave/
Epipremnum aureum ‘Marble Queen’,Marble Queen Pothos,Araceae,Evergreen Vine,Australia,Low,10 feet,2-3 feet,"Bright, Indirect Light","Spring, Summer","Low, Moderate","Well-Drained, Slightly Moist",,Toxic,11-12,,,,,,,,https://brainygardener.com/marble-queen-pothos/
Gasteria carinata var. verrucosa,"Ox Tongue, Warty Aloe",Asphodelaceae,Succulent,South Africa,,,,Part shade to full sun,,,"Porous, Well-drained",,Non-Toxic,9 to 11,,"Gasteria verrucosa, Aloe carnisa, Aloe verrucosa",Gasteria,"Height: 12 inches, Spread: 12 inches","Spring, Summer",Evergreen,"by offsets, by cuttings",https://brainygardener.com/ox-tongue-plant-gasteria-carinata-var-verrucosa/
Haworthia,,Asphodelaceae,Succulent,South Africa,,,,Full sun to partial shade,,,Well-drained,,Non-Toxic,9 to 11,,"Apicra, Catevala",,Height: 6-8 inches; Spread: 4-6 inches,,Evergreen,"by offsets, by cuttings",https://brainygardener.com/haworthia-houseplant-care-guide/
Aloe ferox,"Cape Aloe, Bitter Aloe",Asphodelaceae,Succulent,"South Africa, Lesotho",Low,6-9 feet,3-5 feet,Full sun,"Winter, Spring",Low,"Well-Drained, Loamy, Sandy","Deer, Drought",non-toxic,9-12,"Red, Orange",,,,,,,https://brainygardener.com/aloe-ferox-cape-aloe-care/
Agave weberi ‘Arizona Star’,Weber Agave,Asparagaceae,Succulent,Garden Origin,Low,4-5 feet,6-8 feet,Full sun,Summer,Low,"Well-Drained, Loamy, Sandy","Deer, Drought",Mildly-toxic,9-11,Yellow,,,,,,,https://brainygardener.com/agave-weberi-arizona-star-weber-agave/
Aeonium decorum ‘Velour’,Aeonium ‘Velour’,Crassulaceae,Succulent,"Hybrid, Garden origin",Low,2-3 feet,1-2 feet,"Full sun, Partial shade","Spring, Summer",Low/Average,"Well-Drained, Loamy, Sandy","Deer, Drought, Salt",Non-toxic,10-11,Yellow,,,,,,,https://brainygardener.com/aeonium-velour-care/
Neoregelia spectabilis,"Painted Fingernail Plant, Fingernail Bromeliad, Fingernail Plant, Marbled Fingernail, Miniature Marble Plant, Painted Fingernail Bromeliad",Bromeliaceae,Perennial; Herbaceous,Brazil,,,,Part Shade,,,"Moist, Well-drained",,Non-Toxic,9b to 11,,"Aregelia spectabilis, Karatas spectabilis, Nidularium eximium, Nidularium spectabile, Regelia spectabilis",Neoregelia,Height: 30 to 40 cm; Spread: 40 to 80 cm,Summer,Evergreen,"by seeds, by offsets",https://brainygardener.com/painted-fingernail-neoregelia-spectabilis-care/
Delosperma cooperi ‘Wheels of Wonder – Violet Wonder’,Delosperma ‘Violet Wonder’,Aizoaceae,Succulent,Garden Origin,Low,1-2 inches,8-12 inches,Full sun,"Spring (Late), Summer","Low, Moderate","Well-Drained, Loamy",Drought,non-toxic,6-9,,,,,,,,https://brainygardener.com/delosperma-congestum-white-nugget/
Faucaria tigrina,Tiger Jaws,Aizoaceae,Succulent,South Africa,,,,Full sun,,,"Porous, Well-drained",,Non-Toxic,9 to 11,,,Faucaria,"Height: 4-6 inches, Spread: 5-6 inches","Autumn, Early Winter",Evergreen,"by offsets, by seeds",https://brainygardener.com/tiger-jaws-faucaria-tigrina-indoor-care-guide/
Echeveria runyonii ‘Topsy Turvy’,,Crassulaceae,Succulent,Mexico,Low,8-12 inches,8-12 inches,"Bright, Indirect Light","Spring, Summer","Low, Moderate","Well-Drained, Loamy",Drought,Non-toxic,9-12,,,,,,,,https://brainygardener.com/echeveria-runyonii-topsy-turvy/
,Delosperma ‘Jewel of the Desert Amethyst’,Aizoaceae,Succulent,South Africa,Low,4-6 inches,8-10 inches,Direct sunlight,"Spring, Summer, Autumn, Winter",Low,Well-Drained,Drought,Non-Toxic,5-10,,,,,,,,https://brainygardener.com/delosperma-jewel-of-the-desert/
Aloe ‘Blue Elf’,Aloe Blue Elf,Asphodelaceae,Succulent,Garden Origin,Low,1-2 feet,1-2 feet,"Full sun, Partial shade","Winter, Spring",Low,"Well-Drained, Loamy, Sandy","Deer, Drought, Salt",Non-toxic,9-11,"Orange, Red",,,,,,,https://brainygardener.com/aloe-blue-elf-care/
Aloe speciosa,Tilt-Head Aloe,Asphodelaceae,Succulent,South Africa,Low,8-10 feet,4-6 feet,Full sun,Summer,Low,"Well-Drained, Loamy","Deer, Drought",non-toxic,9-10,"Red, White",,,,,,,https://brainygardener.com/aloe-speciosa-tilt-head-aloe-care/
Nephrolepis exaltata,"Boston Fern, Sword Fern",Nephrolepidaceae,Fern,"South America, Mexico",,,,Partial shade,,,"Moist, Well–drained",,Non-Toxic,9 to 11,,,Nephrolepis,Height: 2-3 feet; Spread: 2-3 feet,,Evergreen,"by spores, by division",https://brainygardener.com/boston-fern-nephrolepis-exaltata-indoor-care/
Aptenia cordifolia ‘Variegata’,Variegated Baby Sun Rose,Aizoaceae,Succulent,South Africa,Low,1 ft.,1-2 ft.,Full sun,"Winter, Summer",Low,"Well-Drained, Loamy, Sandy","Deer, Drought",non-toxic,10-11,"Pink, Purple, Red",,,,,,,https://brainygardener.com/aptenia-cordifolia-variegata-baby-sun-rose/
Agave nickelsiae,King of the Agaves,Asparagaceae,Succulent,Northwestern Mexico,Low,2-3 feet,2-3 feet,"Full sun, Partial shade",Summer,Low,"Well-Drained, Loamy, Sandy","Deer, Drought",Mildly-toxic,7-11,"Yellow, Gold",,,,,,,https://brainygardener.com/agave-nickelsiae-king-of-the-agaves/
Beaucarnea recurvata,"Ponytail Palm, Bottle Palm, Elephant foot Tree, Pony Tail Plant",Asparagaceae,Broadleaf Evergreen,"Belize, Guatemala, Southeastern Mexico",,,,Full sun,,,Good Drainage,,Non-Toxic,10 to 11,,Beaucarnea inermisBeaucarnea tuberculataDasylirion inermeDasylirion inermisDasylirion recurvatumNolina recurvataPincenectitia tuberculata,Beaucarnea,Height: 6-8 feet; Spread: 3-5 feet,Seasonal,Evergreen,"by seeds, by offsets",https://brainygardener.com/ponytail-palm-beaucarnea-recurvata-indoor-care/
Aeonium decorum ‘Sunburst’,"Aeonium ‘Sunburst,’ Copper Pinwheel",Crassulaceae,Succulent,"Hybrid, Garden origin",Low,1-2 feet,1-2 feet,"Full sun, Partial shade",Spring,Low/Average,"Well-Drained, Loamy, Sandy","Deer, Drought",Non-toxic,9-11,Yellow,,,,,,,https://brainygardener.com/aeonium-sunburst-care/
Philodendron hederaceum ‘Brasil’,Variegated Heartleaf Philodendron,Araceae,Vine,Americas,Low,1-6 feet,1-7 feet ,"Bright, Indirect Light","Spring, Summer","Low, Moderate","Well-Drained, Loamy",,Toxic,11-12,,,,,,,,https://brainygardener.com/philodendron-brasil-care/
Agave ‘Blue Glow’,Blue Glow Agave,Asparagaceae,Succulent,Garden Origin,Low,1-2 feet,2-3 feet,"Full sun, Partial shade",Summer,Low,"Well-Drained, Loamy, Sandy","Deer, Drought, Salt",Mildly-toxic,8-11,Yellow,,,,,,,https://brainygardener.com/agave-blue-glow-care/
,Delosperma ‘Wheels Of Wonder – Fire Wonder’,Aizoaceae,Succulent,Garden Origin,Low,4-6 inches,1-2 feet,Full sun,"Summer (early), Autumn",Low,Well-Drained,Drought,Non-Toxic,6-10,,,,,,,,https://brainygardener.com/delosperma-wheels-of-wonder-fire-wonder/
Mammillaria bocasana,"Powder Puff Cactus, Powder Puff Pincushion",Cactaceae,Cactus,Mexico,,,,Full sun to part shade,,,Well-drained,,Non-Toxic,9 to 11,,"Cactus bocasanus, Chilita bocasana, Ebnerella bocasana, Krainzia bocasana,  Neomammillaria bocasana",Mammillaria,Height: 3-5 inches; Spread: 2-4 inches,"Summer, Spring",Evergreen,"by seeds, by offsets",https://brainygardener.com/powder-puff-cactus-mammillaria-bocasana-care/
Orbea variegata,"Carrion Flower, Carrion Cactus, Toad Cactus, Starfish Cactus",Apocynaceae,Flowering Succulent,South Africa (Western Cape),,,,Full sun to Part shade,,,Well-drained,,Non-Toxic,9a to 11b,,Stapelia variegataStisseria variegata,Orbea,Height: up to 10 inches; Spread: up to 4 inches,"Late Summer, Autumn",Evergreen,"by seeds, by cutting",https://brainygardener.com/starfish-cactus-orbea-variegata-care/
Aloe distans,Jewel Aloe,Asphodelaceae,Succulent,South Africa,Low,1-2 feet,1-2 feet,"Full sun, Light shade",Spring,Low,"Well-Drained, Loamy, Sandy","Deer, Drought",non-toxic,9-11,"Yellow, Red",,,,,,,https://brainygardener.com/aloe-distans-jewel-aloe-care/
Agave potatorum ‘Kissho Kan’,Agave ‘Kissho Kan’,Asparagaceae,Succulent,Garden Origin,Low,1-2 feet,1-2 feet,"Full sun, Partial shade",Summer,Low,"Well-Drained, Loamy, Sandy","Deer, Drought, Salt",Non-toxic,9-11,"Yellow, Orange",,,,,,,https://brainygardener.com/agave-kissho-kan/
Sedum morganianum,"Burro’s Tail, Donkey’s Tail, Horse’s Tail, Lamb’s Tail, Stonecrop",Crassulaceae,Succulent,Southern Mexico,,,,Full sun to partial shade,,,"Dry, Good Drainage",,Non-Toxic,10 to 11,,,Sedum,"Height: 1 to 4 feet, Spread: 1 to 2 feet",Summer (Rarely Indoors),Evergreen,"by cuttings, by seeds, by division",https://brainygardener.com/burros-tail-sedum-morganianum-indoor-care-guide/
Aloe Petricola,Stone Aloe,Asphodelaceae,Succulent,South Africa,Low,1-2 feet,2-3 feet,"Full sun, Partial sun",,Low,"Well-Drained, Loamy, Sandy","Deer, Drought",non-toxic,9-11,"Red, Orange (Buds)White, Green (Flowers)",,,,,,,https://brainygardener.com/aloe-petricola-stone-aloe-care/
Aeonium arboreum ‘Zwartkop’ or Aeonium ‘Schwarzkopf’,Black Rose,Crassulaceae ,Succulent,"Hybrid, Garden origin",Low,3-4 feet,1-2 feet,"Full sun, Partial shade",Late Spring,Low to Average,"Well-drained, Loam, Sand","Drought, Salt, Deer",No,9-11,Yellow,,,,,,,https://brainygardener.com/aeonium-arboreum-zwartkop-care/
Streptocarpus sect. Saintpaulia,African Violet,Gesneriaceae,herbaceous perennial,"Tanzania, Kenya",,,,Partial shade,,,"Moist, well-drained",,Non-Toxic,11 to 12,,,Streptocarpus,up to 10 inches,"Fall, Spring, Summer, Winter",Evergreen,by leaf cuttings,https://brainygardener.com/african-violet-streptocarpus-indoor-care-guide/
Parodia ottonis,Indian Head Cactus,Cactaceae,Cactus,"Argentina, Brazil, Paraguay and Uruguay",,,,Full Sun to Partial Shade,,,Well-drained,,Non-Toxic,9a to 11,,Cactus ottonis Echinocactus ottonis Malacocarpus ottonis Notocactus ottonis Peronocactus ottonis,Parodia,Height: 6-12 inches; Spread: 15-18 inches,"Late Spring, Early Summer",Evergreen,"by cuttings, by offsets, by seeds",https://brainygardener.com/indian-head-cactus-parodia-ottonis-care/
Delosperma congestum ‘Gold Nugget’,Delosperma ‘Gold Nugget’,Aizoaceae,Succulent,Garden Origin,Low,1-2 inches,8-12 inches,Full sun,"Spring (Late), Summer","Low, Moderate","Well-Drained, Loamy",Drought,non-toxic,6-9,,,,,,,,https://brainygardener.com/delosperma-congestum-gold-nugget/
Philodendron xanadu,Winterbourn Philodendron,Araceae,Shrub,South America,Low,4-5 feet,4-5 feet ,"Bright, Indirect Light","Spring, Summer","Low, Moderate","Well-Drained, Loamy",,Toxic,9-11,,,,,,,,https://brainygardener.com/philodendron-xanadu-growing-and-care-guide/
Delosperma dyeri Red Mountain,"Delosperma dyeri Red Mountain, Red Ice Plant, Delosperma dyeri ‘Red Mountain’Psdold’",Aizoaceae,Succulent,Garden Origin,Low,2-4 inches,1-2 feet,Full sun,"Spring (Late), Summer, Autumn","Low, Moderate","Well-Drained, Loamy",Drought,non-toxic,5-9,,,,,,,,https://brainygardener.com/delosperma-dyeri-red-mountain/
Aloe brevifolia,"Short-Leaf Aloe, Short-Leaved Aloe",Asphodelaceae,Succulent,South Africa,Low,1-2 feet,1-2 feet,Full sun,Spring,Low,"Well-Drained, Loamy, Sandy","Deer, Drought",Mildly-toxic,8-11,"Orange, Red",,,,,,,https://brainygardener.com/aloe-brevifolia-short-leaf-aloe-care/
Agave vilmoriniana ‘Stained Glass’,"Agave ‘Stained Glass’, Variegated Octopus Agave",Asparagaceae,Succulent,Garden Origin,Low,3-4 feet,3-4 feet,Full sun,Summer,Low,"Well-Drained, Loamy, Sandy","Deer, Drought",Mildly-toxic,9-11,"Yellow, Gold",,,,,,,https://brainygardener.com/agave-vilmoriniana-stained-glass/
,Echeveria ‘Blue Atoll’,Crassulaceae,Succulent,Mexico,Low,4-6 inches,8-12 inches,"Bright, Indirect Light","Spring, Summer","Low, Moderate","Well-Drained, Loamy",Drought,Non-toxic,9-12,,,,,,,,https://brainygardener.com/echeveria-blue-atoll/
Agave americana,"Century Plant, American Aloe, Maguey",Asparagaceae,Succulent,"Mexico, Southwestern United States",Low,3-6 feet,6-10 feet,"Full sun, Partial shade",Summer,Low,"Well-Drained, Loamy, Sandy","Deer, Drought, Salt",Mildly-toxic,8-11,"Yellow, Green",,,,,,,https://brainygardener.com/agave-americana-century-plant-care/
Aeonium arboreum ‘Atropurpureum’,Purple Rose,Crassulaceae,Succulent,Gran Canaria (Canary Islands),Low,3-5feet,3-5 feet,"Full sun, Partial shade",Summer,Low/Average,"Well-Drained, Loamy, Sandy","Deer, Drought, Salt",Non-toxic,9-11,Yellow,,,,,,,https://brainygardener.com/aeonium-arboreum-atropurpureum-care/
Dasylirion Serratifolium,Sandpaper Sotol,Asparagaceae,"Cactus – Succulents, Shrubs",Mexico,Low,3-6 feet,3-6 feet,"Bright, Direct sunlight","Summer (late), Fall (early)",Low,Well-Drained,Drought,Non-Toxic,8 – 11,,,,,,,,https://brainygardener.com/dasylirion-serratifolium-sandpaper-sotol/
Kalanchoe tomentosa,"Panda Plant, Pussy Ears",Crassulaceae,Succulent,Madagascar,,,,Full sun to Part shade,,,Well-drained,,Mildly Toxic,9a to 11b,,,Kalanchoe,Height: up to 1.5 ft.,Spring,Evergreen,"by seeds, by offsets",https://brainygardener.com/panda-plant-kalanchoe-tomentosa-care/
Echinocereus knippelianus,Peyote Verde,Cactaceae,Cactus,Mexico,,,,Full sun,,,Well-drained,,Non-Toxic,,,"Cereus knippelianus,Echinocereus inermis",Echinocereus,up to 20 centimeters,"Spring, Summer",Evergreen,"by seeds, by cuttings",https://brainygardener.com/peyote-verde-echinocereus-knippelianus-care/
Parodia magnifica,"Ball Cactus, Balloon Cactus, Silver Ball Cactus, Rounded Ball Cactus",Cactaceae,Cactus,Southern Brazil,,,,Full sun to Partial shade,,,Well-drained,,Non-Toxic,9 to 12,,"Eriocactus magnificus, Notocactus magnificus",Parodia,"Height: 3 to 9 inches, Spread: 3 to 18 inches",Summer,Evergreen,"by seeds, by offsets",https://brainygardener.com/ball-cactus-parodia-magnifica-indoor-care-guide/
Echeveria peacockii,Peacock Echeveria,Crassulaceae,Succulent,Mexico,Low,3-12 inches,4-6 inches,"Bright, Indirect Light","Spring, Summer","Low, Moderate","Well-Drained, Loamy",Drought,Non-toxic,9-12,,,,,,,,https://brainygardener.com/echeveria-peacockii-peacock-echeveria/
Echinopsis,"Sea Urchin Cactus, Hedgehog Cactus, Easter Lily Cactus",Cactaceae,Cactus,South America,,,,Full sun,,,Well-drained,,Non-Toxic,,,,,Species Dependent,,Evergreen,"by cuttings, by offsets",https://brainygardener.com/sea-urchin-cactus-echinopsis-indoor-care-guide/
