Number,Botanical Name,Common Name,Family,Plant Type,Origin,North American Origin,Maintenance,Height,Width,Size,Light,Bloom season,Water needs,Soil,Tolerant,Toxicity,Hardiness (USDA),Bloom color,Synonyms,Genus,Foliage,Propagation methods,href,Type,Minimum Light,Maximum Light,Low Temp,High Temp,Neglect Tolerant
0,Dudleya caespitosa ,Coast Dudleya,Crassulaceae,Succulent,California,Yes,Low,4-8 in,4-8 in,Small,"Bright, Indirect Light","Spring, Summer",Low to Moderate,Loamy,Drought,None,9 to 11,,,,,,https://brainygardener.com/dudleya-caespitosa-coast-dudleya/,Succulent,75,100,20,50,Yes
1,Agave marmorata,"Marbled Agave, Marbled Century Plant",Asparagaceae,Succulent,"Mexico, Southeastern USA",Yes,Low,3-4 ft,3-4 ft,Medium,Full Sun to Part Shade,Summer,Low,"Loamy, Sandy",Drought,Mild,9 to 11,"Yellow, Gold",,,,,https://brainygardener.com/agave-marmorata-marbled-agave/,Succulent,50,100,20,50,Yes
2,Aeonium haworthii ,Aeonium ‘Kiwi’,Crassulaceae,Succulent,Canary Islands,No,Low,2-3 ft,2-3 ft,Medium,Full Sun to Part Shade,Summer,Low to Moderate,"Loamy, Sandy",Drought,None,10 to 11,Yellow,,,,,https://brainygardener.com/aeonium-kiwi-care/,Succulent,50,100,30,50,Yes
3,Tulista pumila (formerly Haworthia pumila),"Pearl Plant, Pearly Dots, Miniature Aloe",Asphodelaceae,Succulent,South Africa (Western Cape),No,low,3-4 in,3-4 in,Small,Full Sun to Part Shade,Summer,low,"Loamy, Sandy",Drought,None,10a to 11b,,Haworthia margaritifera,Tulista,Evergreen,"by offsets, by cuttings",https://brainygardener.com/pearl-plant-tulista-pumila-care-guide/,Succulent,50,100,30,50,Yes
4,Agave colorata,Mescal Ceniza,Asparagaceae,Succulent,Mexico,Yes,Low,1-3 ft,1-3 ft,Medium,Full Sun to Part Shade,Summer,Low,"Loamy, Sandy",Drought,Mild,8 to 11,"Yellow, Orange",,,,,https://brainygardener.com/agave-colorata-mescal-ceniza/,Succulent,50,100,10,50,Yes
5,Delosperma  ,Delosperma ‘Golden Wonder’,Aizoaceae,Succulent,Garden Origin,Yes,Low,4-6 in,4-6 in,Small,Full Sun,Summer,Low,"Loamy, Sandy",Drought,None,6 to 10,,,,,,https://brainygardener.com/delosperma-wheels-of-wonder-golden-wonder/,Succulent,100,100,-10,40,Yes
6,Aeonium ,"Aeonium ‘Jack Catlin’, Red Aeonium",Crassulaceae ,Succulent,"Hybrid, Garden origin",Yes,Low,1-2 ft,1-2 ft,Medium,Full Sun,Spring,Low to Moderate,"Loamy, Sandy","Drought, Salt",None,9b to 11b,Yellow,,,,,https://brainygardener.com/aeonium-jack-catlin-care/,Succulent,100,100,25,50,Yes
7,Delosperma cooperi ,Delosperma ‘White Wonder’,Aizoaceae,Succulent,Garden Origin,Yes,Low,4-6 in,4-6 in,Small,Full Sun,Spring,Low to Moderate,Loamy,Drought,None,6 to 10,,,,,,https://brainygardener.com/delosperma-white-wonder/,Succulent,100,100,-10,40,Yes
8,Tillandsia xerographica,"Xerographica Air Plant, King of Air Plants",Bromeliaceae,Epiphyte,"Mexico, Guatemala, El Salvador, Honduras",Yes,low,1-3 ft,1-3 ft,Medium,Full Sun to Part Shade,"Spring, Summer",low,Orchid or Bark Mix,Drought,None,9b to 11a,,"Tillandsia kruseana, Tillandsia xerographica, Tillandsia tomasellii",Tillandsia,Leathery Evergreen,"by seed, by division",https://brainygardener.com/xerographica-air-plant-tillandsia-care/,Epiphyte,50,100,25,45,Yes
9,Epipremnum aureum,"Golden Pothos, Devil’s Vine, Devil’s Ivy, Taro Vine, Money Plant",Araceae,Evergreen Vine,"South Africa, Australia, Southeast Asia, South Asia, Pacific Islands, West Indies",No,Low,20-40 ft,20-40 ft,Large,Full Sun to Full Shade,Rare,Low to Moderate,Loamy,"Drought, Low-light",High,10 to 12,,,,,,https://brainygardener.com/golden-pothos-epipremnum-aureum-care/,Evergreen Vine,0,100,30,60,Yes
10,Peperomia argyreia,"Watermelon Peperomia, Watermelon Begonia",Piperaceae,Herbaceous perennial,Northern South America to Brazil,No,Moderate,6-8 in,6-8 in,Small,Part Shade,"Spring, Summer",Moderate,Loamy,,None,10 to 12,,Peperomia sandersii,Peperomia,Evergreen,"by seeds, by cuttings",https://brainygardener.com/watermelon-peperomia-peperomia-argyreia-care/,Herbaceous,50,50,30,60,No
11,Cephalocereus senilis,Old Man Cactus,Cactaceae,Cactus,Eastern Mexico (Hidalgo and Veracruz),Yes,low,3-40 ft,6-12 in,Medium,Full Sun to Light Shade,"Spring, Summer",low,"Loamy, Sandy",Drought,None,9 to 11,"Red, Yellow","Cactus bradypus, Cactus senilis, Cephalophorus senilis, Cereus senilis, Echinocactus senilis, Echinocactus staplesiae, Pilocereus senilis",Cephalocereus,Evergreen,"by seeds, by cuttings",https://brainygardener.com/old-man-cactus-cephalocereus-senilis-care/,Cactus,75,100,20,50,Yes
12,Aloe vera,"Barbados Aloe, Bitter Aloe, Aloe barbadensis",Asphodelaceae,Succulent,Arabian Peninsula,No,Low,1-2 ft,1-2 ft,Medium,Full Sun,"Spring, Summer",Low,"Loamy, Sandy","Drought, Salt",High,10 to 12,"Yellow, Green",,,,,https://brainygardener.com/aloe-vera-barbados-aloe-care/,Succulent,100,100,30,60,Yes
13,Agave parryi var. huachucensis,"Huachuca Agave, Artichoke Agave",Asparagaceae,Succulent,"Arizona, Texas, New Mexico",Yes,Low,1-2 ft,1-2 ft,Medium,Full Sun,Summer,Low,"Loamy, Sandy",Drought,Mild,8 to 12,"Red, Pink",,,,,https://brainygardener.com/agave-parryi-var-huachucensis-huachuca-agave/,Succulent,100,100,10,60,Yes
14,Dudleya cymosa,Canyon Liveforever,Crassulaceae,Succulent,"California, Oregon",Yes,Low,4-6 in,4-6 in,Small,"Bright, Indirect Light","Spring, Summer",Low to Moderate,Loamy,Drought,None,6 to 10,,,,,,https://brainygardener.com/dudleya-cymosa-canyon-liveforever/,Succulent,75,100,-10,40,Yes
15,Cleistocactus strausii,"Silver Torch Cactus, Wooly Torch Cactus",Cactaceae,Cactus,Bolivia,No,low,3-10 ft,3-6 ft,Medium,Full Sun,Summer,low,"Loamy, Sandy",Drought,None,9a to 11b,"Red, Burgundy",Borzicactus strausii Cephalocereus strausii Cereus strausii Denmoza strausii Pilocereus strausii,Cleistocactus,Evergreen,"by seeds, by cuttings",https://brainygardener.com/silver-torch-cactus-cleistocactus-strausii-care/,Cactus,100,100,20,50,Yes
16,Aporocactus flagelliformis,Rat Tail Cactus,Cactaceae,Succulent,Mexico and Central America,Yes,low,4 in,4 in,Small,Full Sun,"Spring, Summer",Moderate,"Loamy, Sandy",,Mild,10 to 11,"Pink, Crimson, Red","Aporocactus leptophis, Cactus flagelliformis, Cereus flagelliformis, Disocactus flagelliformis",Aporocactus,Evergreen,"by seeds, by stem cuttings",https://brainygardener.com/rat-tail-cactus-aporocactus-flagelliformis-care/,Cactus,100,100,30,50,No
17,Dudleya pulverulenta,Chalk Dudleya,Crassulaceae,Succulent,"California, Arizona, Nevada, Utah",Yes,Low,12-24 in,12-24 in,Medium,"Bright, Indirect Light","Spring, Summer",Low to Moderate,Loamy,Drought,None,9 to 12,,,,,,https://brainygardener.com/dudleya-pulverulenta-chalk-dudleya/,Succulent,75,100,20,60,Yes
18,Delosperma Hotcakes ,"Delosperma Hotcakes ‘Banana Blast’, Banana Blast Ice Plant",Aizoaceae,Succulent,Garden Origin,Yes,Low,6-8 in,6-8 in,Small,Full Sun,"Summer, Autumn",Low to Moderate,Loamy,Drought,None,6 to 10,,,,,,https://brainygardener.com/delosperma-hotcakes-banana-blast/,Succulent,100,100,-10,40,Yes
19,Kalanchoe delagoensis,"Chandelier Plant, Mother of Millions",Crassulaceae,Succulent,Madagascar,No,Moderate,4 ft,4 ft,Medium,Full Sun to Part Shade,Winter,Moderate,Sandy,Drought,Mild,10b to 11a,"Salmon, Dark Orange",Bryophyllum delagoense,Kalanchoe,Evergreen,by plantlets,https://brainygardener.com/chandelier-plant-kalanchoe-delagoensis-care/,Succulent,50,100,35,45,Yes
20,Neoregelia carolinae ,Blushing Bromeliad,Bromeliaceae,Epiphyte,Garden Origin,Yes,Moderate,8-18 in,8-18 in,Small,Part Shade to Full Shade,Summer,High,Loamy,,None,10 to 11,Violet,,Neoregelia,Evergreen,"by seed, by offsets",https://brainygardener.com/blushing-bromeliad-neoregelia-carolinae-care/,Epiphyte,0,50,30,50,No
21,Philodendron erubescens,Red-Leaf Philodendron,Araceae,Vine,Americas,Yes,Low,2-60 ft,2-60 ft,Large,"Bright, Indirect Light","Spring, Summer",Low to Moderate,Loamy,,High,10 to 11,,,,,,https://brainygardener.com/philodendron-erubescens-red-leaf-philodendron/,Vine,75,100,30,50,No
22,Parodia mammulosa,"Tom Thumb Cactus, Lemon Ball Cactus",Cactaceae,Cactus,Brazil to Argentina,No,low,6 in,6 in,Small,Full Sun,Summer,low,"Loamy, Sandy",Drought,None,9b to 11b,Yellow,Echinocactus mammulosus Malacocarpus mammulosus Notocactus mammulosusRitterocactus mammulosus,Parodia,Evergreen,"by seeds, by cuttings",https://brainygardener.com/tom-thumb-cactus-parodia-mammulosa-care/,Cactus,100,100,25,50,Yes
23,Cereus repandus,"Peruvian Apple Cactus, Apple Cactus, Peruvian Cactus, Queen of the Night, Night Blooming Cereus",Cactaceae,Cactus,"Brazil, Paraguay, Uruguay, Argentina",No,low,20-50 ft,20-50 ft,Large,Full Sun,Summer,Moderate,"Loamy, Sandy",Drought,None,9 to 11,White,Cereus peruvianus,Cereus,Evergreen,"by cuttings, by offsets, by seeds",https://brainygardener.com/peruvian-apple-cactus-cereus-repandus-care/,Cactus,100,100,20,50,Yes
24,Kalanchoe blossfeldiana,"Flaming Katy, Christmas kalanchoe, Florist kalanchoe, Madagascar widow’s thrill",Crassulaceae,Herbaceous perennial,Madagascar,No,low,6-18 in,6-18 in,Small,Full Sun to Part Shade,"Spring, Autumn, Winter",Moderate,"Loamy, Sandy","Drought, Salt",High,10 to 12,Various,Kalanchoe globulifera var. coccinea,Kalanchoe,Evergreen,"by seeds, by offsets",https://brainygardener.com/flaming-katy-kalanchoe-blossfeldiana-care/,Herbaceous,50,100,30,60,Yes
25,Agave attenuata ,"Agave attenuata ‘Nova’, Agave Attentuata ‘Boutin Blue’, Blue Fox tail Agave",Asparagaceae,Succulent,Garden Origin,Yes,Low,3-5 ft,3-5 ft,Medium,Full Sun to Part Shade,Summer,Low,"Loamy, Sandy","Drought, Salt",Mild,8 to 12,"Yellow, Green",,,,,https://brainygardener.com/agave-attenuata-nova-boutin-blue/,Succulent,50,100,10,60,Yes
26,Euphorbia milii,"Crown of Thorns, Christ Plant, Christ Thorn",Euphorbiaceae,Broadleaf evergreen,Madagascar,No,Low,3-6 ft,3-6 ft,Medium,Full Sun,"Spring, Summer",Low,"Loamy, Sandy","Drought, Salt",Moderate,9 to 11,"Yellow, Red",,Euphorbia,Evergreen,"by seeds, by tip cuttings",https://brainygardener.com/crown-of-thorns-plant-euphorbia-milii-care/,Broadleaf Evergreen,100,100,20,50,Yes
27,Euphorbia obesa,"Baseball Plant, Gingham Golf Ball, Sea Urchin Plant",Euphorbiaceae,Succulent,South Africa (Graaff Reinet area),No,Low,8 in,8 in,Small,Full Sun,Summer,Low,"Loamy, Sandy",Drought,Mild,10 to 11,"Green, Yellow",,Euphorbia,Evergreen,"by seeds, by cuttings",https://brainygardener.com/baseball-plant-euphorbia-obesa-indoor-care/,Succulent,100,100,30,50,Yes
28,Epipremnum aureum ,"Manjula Pothos, Happy Leaf Pothos",Araceae,Evergreen Vine,Australia,No,Low,6 ft,6 ft,Large,"Bright, Indirect Light","Spring, Summer",Low to Moderate,Loamy,Drought,High,11 to 12,,,,,,https://brainygardener.com/manjula-pothos-care/,Evergreen Vine,75,100,40,60,Yes
29,Kalanchoe daigremontiana,"Mother of Thousands Plant, Devil’s backbone, Mexican Hat Plant",Crassulaceae,Succulent,Madagascar,No,Low,3 ft,3 ft,Medium,Full Sun to Part Shade,Winter,Low,"Loamy, Sandy",Drought,Moderate,9 to 11,"Pink, Orange, Rare",Bryophyllum daigremontianum,Kalanchoe,Evergreen,"by offsets, by cuttings",https://brainygardener.com/mother-of-thousands-kalanchoe-daigremontiana/,Succulent,50,100,20,50,Yes
30,Cotyledon orbiculata,"Pig’s Ear, Round-Leafed Navel-Wort",Crassulaceae,Succulent,South Africa,No,Low,2-4 ft,2-4 ft,Medium,Full Sun,"Summer, Autumn",Moderate,"Loamy, Sandy",Drought,Moderate,9a to 11b,Coral,Cotyledon elata Cotyledon ovata Cotyledon ramosaCotyledon oblonga,Cotyledon,Evergreen,"by seeds, by cuttings",https://brainygardener.com/pigs-ear-plant-cotyledon-orbiculata-indoor-care/,Succulent,100,100,20,50,Yes
31,Agave chrysantha,Golden-Flowered Century Plant,Asparagaceae,Succulent,Arizona,Yes,Low,2-3 ft,2-3 ft,Medium,Full Sun to Part Shade,Summer,Low,"Loamy, Sandy","Drought, Salt",Mild,7 to 10,"Yellow, Gold",,,,,https://brainygardener.com/agave-chrysantha-golden-flowered-century-plant/,Succulent,50,100,0,40,Yes
32,Philodendron cordatum,Heartleaf Philodendron,Araceae,Vine,Southeast Brazil,No,Low,6 ft,6 ft,Large,"Bright, Indirect Light","Spring, Summer",Low to Moderate,Loamy,,High,9 to 11,,,,,,https://brainygardener.com/philodendron-cordatum-growing-and-care-guide/,Vine,75,100,20,50,No
33,Aloe arborescens ,"Torch Aloe, Krantz Aloe, Candelabra Aloe",Asphodelaceae,Succulent,South Africa,No,Low,6-10 ft,6-10 ft,Large,Full Sun,Winter,Low,"Loamy, Sandy","Drought, Salt",None,9 to 11,"Orange, red",,,,,https://brainygardener.com/aloe-arborescens-torch-aloe-care/,Succulent,100,100,20,50,Yes
34,Astrophytum myriostigma,"Bishop’s Cap, Bishop’s Hat, Monk’s Hood, Deacons Hat, Bishop’s Hood, Miter Cactus",Cactaceae,Cactus,"Central, Northern Mexico",Yes,Low,4-24 in,4-24 in,Small,Full Sun to Part Shade,"Spring, Summer",Low,Sandy,Drought,None,10 to 11,Yellow,"Astrophytum prismaticum, Cereus callicoche, Echinocactus myriostigma",Astrophytum,Evergreen,by seeds,https://brainygardener.com/bishops-cap-cactus-astrophytum-myriostigma-care/,Cactus,50,100,30,50,Yes
35,Beschorneria yuccoides,Mexican Lily,Asparagaceae,Succulent,Mexico,Yes,Low,3-7 ft,3-7 ft,Large,Full Sun to Part Shade,"Spring, Summer",Low,"Loamy, Sandy",Drought,None,8 to 11,"Green, Red",,,,,https://brainygardener.com/beschorneria-yuccoides-mexican-lily-care/,Succulent,50,100,10,50,Yes
36,Aloe aristata,"Torch Plant, Lace aloe",Asphodelaceae,Succulent,"South Africa, Lesotho",No,Low,1-12 in,1-12 in,Small,Full Sun to Part Shade,Winter,Low,"Loamy, Sandy",Drought,Mild,8 to 12,"Orange, Red",,,,,https://brainygardener.com/aloe-aristata-torch-plant-care/,Succulent,50,100,10,60,Yes
37,Crassula capitella ,Crassula Campfire,Crassulaceae,Succulent,Garden Origin,Yes,Low,6 in,6 in,Small,Full Sun to Part Shade,Summer,Low,"Loamy, Sandy",Drought,High,9 to 12,White,,,,,https://brainygardener.com/crassula-capitella-campfire-crassula-campfire/,Succulent,50,100,20,60,Yes
38,Mammillaria,Pincushion Cactus,Cactaceae,Cactus,"Mexico, Southwestern United States, South America, Caribbean",Yes,Low,12-20 in,3-4 in,Small,Full Sun to Part Shade,,Low,"Loamy, Sandy",Drought,None,9 to 11,"Pink, Red, Yellow","Ebnerella, Haagea, Lactomammillaria, Mammariella, Neomammillaria",,Evergreen,"by seeds, by offsets",https://brainygardener.com/pincushion-cactus-mammillaria-indoor-care/,Cactus,50,100,20,50,Yes
39,Scindapsus Pictus ,Silvery Ann Pothos,Araceae,Evergreen Vine,Garden Origin,Yes,Low,6 ft,6 ft,Large,"Bright, Indirect Light","Spring, Summer",Low to Moderate,Loamy,Drought,High,9 to 11,,,,,,https://brainygardener.com/silvery-ann-pothos/,Evergreen Vine,75,100,20,50,Yes
40,"Philodendron bipinnatifidum, Thaumatophyllum bipinnatifidum, Philodendron selloum",Tree Philodendron,Araceae,Flowering,South America,No,Low,6 ft,6 ft,Large,"Bright, Indirect Light","Spring, Summer",Low to Moderate,Loamy,,High,9 to 11,,,,,,https://brainygardener.com/tree-philodendron-philodendron-bipinnatifidum/,Flowering,75,100,20,50,No
41,Graptopetalum paraguayense,"Ghost Plant, Mother of Pearl Plant",Crassulaceae,Succulent,Mexico,Yes,Low,12 in,12 in,Medium,Full Sun to Light Shade,"Spring, Summer",Low,"Loamy, Sandy",Drought,None,9a to 11b,Yellow,"Byrnesia weinbergii, Cotyledon paraguayensis, Echeveria weinbergii, Sedum weinbergii",Graptopetalum,Evergreen,"by cuttings, by offsets",https://brainygardener.com/ghost-plant-graptopetalum-paraguayense-care/,Succulent,75,100,20,50,Yes
42,Echeveria lilacina,Ghost Echeveria,Crassulaceae,Succulent,Mexico,Yes,Low,6 in,6 in,Small,"Bright, Indirect Light","Spring, Summer",Low to Moderate,Loamy,Drought,None,9 to 12,,,,,,https://brainygardener.com/echeveria-lilacina-ghost-echeveria/,Succulent,75,100,20,60,Yes
43,Agave ,Plant,Asparagaceae,Succulent,"California, Nevada, Utah, Arizona",Yes,Low,1-2 ft,1-2 ft,Medium,Full Sun to Part Shade,Summer,Low,"Loamy, Sandy",Drought,Mild,6 to 10,"Yellow, Gold",,,,,https://brainygardener.com/agave-utahensis-utah-agave/,Succulent,50,100,-10,40,Yes
44,Gonialoe variegata,"Tiger Aloe, Partridge-breasted Aloe",Asphodelaceae,Succulent,"South Africa, Namibia",No,Low,6-12 in,12-24 in,Medium,Full Sun to Part Shade,Summer,Low,Loamy,Drought,None,9 to 11,"Pink, Coral, Orange",Aloe variegata,Gonialoe,Evergreen,"by seeds, by offsets",https://brainygardener.com/tiger-aloe-gonialoe-variegata-indoor-care-guide/,Succulent,50,100,20,50,Yes
45,Dracaena trifasciata,"Snake Plant, Golden Bird’s Nest, Mother-in-Law’s Tongue, Good Luck Plant",Asparagaceae,Herbaceous perennial,Tropical West Africa,No,Low,2-4 ft,2-4 ft,Medium,Part Shade,"Spring, Rare",Low,"Loamy, Sandy",Drought,Mild,10 to 12,"Green, Rare","Sansevieria aureovariegata, Sansevieria jacquinii, Sansevieria laurentii, Sansevieria trifasciata",Dracaena,Evergreen,"by leaf cuttings, by suckers, by division",https://brainygardener.com/snake-plant-dracaena-trifasciata-care/,Herbaceous,50,50,30,60,Yes
46,Disocactus ackermannii,"Orchid Cactus, Pond Lily Cactus",Cactaceae,Cactus,Mexico,Yes,Moderate,1-12 in,1-12 in,Small,Part Shade,Spring,Moderate,Orchid or Bark Mix,,None,10 to 11,"White, Pink","Cereus ackermannii,Epiphyllum ackermannii, Heliocereus ackermannii, Nopalxochia ackermannii, Phyllocactus ackermannii",Disocactus,Evergreen,"by cuttings, by grafting, by seeds",https://brainygardener.com/orchid-cactus-disocactus-ackermannii-care/,Cactus,50,50,30,50,No
47,Calathea Roseopicta ,"Rose Painted Calathea, Black Rose, Jungle rose",Marantaceae,Herbaceous perennial,Western South America to Western Brazil,No,Low,12-18 in,12-18 in,Small,Part Shade to Full Shade,Rare,Moderate,"Loamy, Sandy",,None,11 to 12,"White, Purple, Rare","Calathea illustris, Maranta illustris, Maranta roseopicta, Maranta wagneri, Phyllodes roseopicta",Calathea,"Colorful, Evergreen",Division,https://brainygardener.com/definitive-calathea-roseopicta-care-guide/,Herbaceous,0,50,40,60,No
48,Ferocactus cylindraceus,"Compass Barrel Cactus, California Barrel Cactus, Desert Barrel Cactus",Cactaceae,Cactus,"Southwestern United States, Northwestern Mexico",Yes,Low,6-7 ft,1-2 ft,Large,Full Sun,Summer,Low,Sandy,Drought,None,9 to 11,Yellow,Ferocactus acanthodes,Ferocactus,Evergreen,by seeds,https://brainygardener.com/compass-barrel-cactus-ferocactus-cylindraceus/,Cactus,100,100,20,50,Yes
49,Epipremnum aureum  ,Neon Pothos,Araceae,Evergreen Vine,Australia,No,Low,10 ft,10 ft,Large,"Bright, Indirect Light","Spring, Summer",Low to Moderate,Loamy,Drought,High,11 to 12,,,,,,https://brainygardener.com/neon-pothos-care/,Evergreen Vine,75,100,40,60,Yes
50,Echeveria ,Echeveria ‘Lady Aquarius’,Crassulaceae,Succulent,"Texas, Mexico, Central and South America",Yes,Low,8 in,8 in,Small,"Bright, Indirect Light","Spring, Summer",Low to Moderate,Loamy,Drought,None,9 to 12,,,,,,https://brainygardener.com/echeveria-lady-aquarius/,Succulent,75,100,20,60,Yes
51,Delosperma cooperi ,Delosperma ‘Kelaidis’,Aizoaceae,Succulent,Garden Origin,Yes,Low,3-6 in,3-6 in,Small,Full Sun,Spring,Low to Moderate,Loamy,Drought,None,4 to 8,,,,,,https://brainygardener.com/delosperma-kelaidis/,Succulent,100,100,-30,20,Yes
52,Echeveria elegans,"Mexican Gem, Mexican Hens and Chicks, Mexican Snow Ball, White Mexican Rose",Crassulaceae,Succulent Perennial,Northeastern Mexico,Yes,Low,3-4 in,3-4 in,Small,Full Sun to Part Shade,"Spring, Winter",Low,"Loamy, Sandy",Drought,None,9 to 11,Pink,"Echeveria potosina, Echeveria albicans",Echeveria,Evergreen,"by division, by seeds, by cuttings",https://brainygardener.com/echeveria-elegans-indoor-care-guide/,Succulent,50,100,20,50,Yes
53,Philodendron melanochrysum,Black-Gold Philodendron,Araceae,Vine,South America,No,Low,3-5 ft,3-5 ft,Medium,"Bright, Indirect Light","Spring, Summer",Low to Moderate,Loamy,,High,9 to 11,,,,,,https://brainygardener.com/philodendron-melanochrysum/,Vine,75,100,20,50,No
54,Crassula ovata ,Golden Jade Tree,Crassulaceae,Succulent,"Eastern Cape Province, South Africa",No,Low,1-3 ft,1-3 ft,Medium,"Bright, Indirect Light","Spring, Summer",Low,"Loamy, Sandy",Drought,High,9 to 12,,,,,,https://brainygardener.com/crassula-ovata-hummels-sunset/,Succulent,75,100,20,60,Yes
55,Aloe hereroensis,Sand Aloe,Asphodelaceae,Succulent,South West Africa,No,Low,1-2 ft,1-2 ft,Medium,Full Sun,,Low,"Loamy, Sandy",Drought,None,9 to 11,Red (rarely yellow),,,,,https://brainygardener.com/aloe-hereroensis-sand-aloe-care/,Succulent,100,100,20,50,Yes
56,Parodia haselbergii,Scarlet Ball Cactus,Cactaceae,Cactus,Brazil,No,Low,3-4 in,3-4 in,Small,Full Sun to Part Shade,"Spring, Winter",Low,"Loamy, Sandy",Drought,None,9 to 11,Red,"Notocactus haselbergii, Brasilicactus haselbergii",Parodia,Evergreen,"by seeds, by division",https://brainygardener.com/scarlet-ball-cactus-parodia-haselbergii-care/,Cactus,50,100,20,50,Yes
57,Dasylirion Acrotrichum ,Green Desert Spoon,Asparagaceae,"Cactus – Succulents, Shrubs",Mexico ,Yes,Low,5-6 ft,5-6 ft,Large,Full Sun,Summer,Low,Loamy,Drought,None,8 to 10,,,,,,https://brainygardener.com/green-desert-spoon/,Succulent,100,100,10,40,Yes
58, Epipremnum aureum ,Hawaiian Pothos,Araceae,Evergreen Vine,French Polynesia,No,Low,2-3 ft,2-3 ft,Medium,"Bright, Indirect Light","Spring, Rare",Low to Moderate,Loamy,Drought,High,11 to 12,,,,,,https://brainygardener.com/hawaiian-pothos/,Evergreen Vine,75,100,40,60,Yes
59,Agave ,Blue Flame Agave,Asparagaceae,Succulent,Garden Origin,Yes,Low,2-3 ft,2-3 ft,Medium,Full Sun to Part Shade,Summer,Low,"Loamy, Sandy","Drought, Salt",Mild,8 to 11,Yellow,,,,,https://brainygardener.com/agave-blue-flame-care/,Succulent,50,100,10,50,Yes
60,Phoenix roebelenii,"Dwarf Date Palm, Miniature Date Palm, Pygmy Date Palm, Robellini Palm",Arecaceae,Deciduous Palm Tree,"China, Laos, Northern Vietnam",No,low,6-12 ft,6-12 ft,Large,Full Sun to Part Shade,Summer,Moderate,"Loamy, Sandy",,None,10 to 11,Yellow-white,,Phoenix,Evergreen,by seeds,https://brainygardener.com/pygmy-date-palm-phoenix-roebelenii-indoor-care/,Deciduous Palm Tree,50,100,30,50,No
61,Rebutia,Little Mouse Crown Cactus,Cactaceae,Cactus,"Bolivia, Argentina",No,low,2-3 in,2-6 in,Small,Full Sun to Part Shade,,low,"Loamy, Sandy",Drought,None,10 to 11,Orange,,Rebutia,Evergreen,"by seeds, by offsets",https://brainygardener.com/crown-cactus-rebutia-indoor-care-guide/,Cactus,50,100,30,50,Yes
62,Aloe dorotheae,Sunset Aloe,Asphodelaceae,Succulent,Tanzania,No,Low,1-12 in,1-12 in,Small,Full Sun to Part Shade,Winter,Low,"Loamy, Sandy",Drought,None,10 to 11,Greenish-Yellow,,,,,https://brainygardener.com/aloe-dorotheae-sunset-aloe-care/,Succulent,50,100,30,50,Yes
63,Echeveria setosa,"Mexican Firecracker, Firecracker Plant, Hens and Chicks",Crassulaceae,Succulent,Mexico,Yes,Low,2 in,2 in,Small,Full Sun to Part Shade,"Spring, Summer",low,"Loamy, Sandy",Drought,Mild,9 to 11,Red,,Echeveria,Evergreen,"by cuttings, by offsets",https://brainygardener.com/mexican-firecracker-plant-echeveria-setosa-care/,Succulent,50,100,20,50,Yes
64,Gymnocalycium mihanovichii,"Moon Cactus, Ruby Ball Cactus, Red Cap Cactus, Red Hibotan, Red Cactus",Cactaceae,Cactus,"Paraguay, Northeast Argentina",No,Low,2-3 in,2-3 in,Small,Full Sun to Part Shade,,low,"Loamy, Sandy",Drought,None,9 to 11,Green,"Echinocactus mihanovichii, Gymnocalycium friedrichii",Gymnocalycium,Evergreen,"Regrafting, Offsets",https://brainygardener.com/moon-cactus-gymnocalycium-mihanovichii-care/,Cactus,50,100,20,50,Yes
65,Vriesea splendens,"Flaming Sword Bromeliad, Vriesea",Bromeliaceae,Epiphyte,"Trinidad, eastern Venezuela, and the Guianas",No,Moderate,2.5-3 ft,2.5-3 ft,Medium,Part Shade,Summer,Moderate,Orchid or Bark Mix,,None,10 to 12,Rare,"Lutheria splendens, Tillandsia splendens, Vriesea speciosa, Tillandsia speciosa, Tillandsia appuniana, Tillandsia picta",Vriesea,Evergreen,"by seeds, by offsets",https://brainygardener.com/flaming-sword-bromeliad-vriesea-splendens-care/,Epiphyte,50,50,30,60,No
66,Ananas comosus var. variegatus,"Ivory Pineapple, Variegated Pineapple",Bromeliaceae,Bromeliad,Tropical Americas,Yes,Moderate,2-3 ft,2-3 ft,Medium,Full Sun,Summer,Moderate,Loamy,Drought,Mild,10 to 12,"Purple, Red",Ananas striatifolius,Ananas,Evergreen,by offsets,https://brainygardener.com/variegated-pineapple-ananas-comosus-care/,Bromeliad,100,100,30,60,Yes
67,Echeveria ,Echeveria ‘Imbricata’,Crassulaceae,Succulent,Mexico,Yes,Low,4-8 in,4-8 in,Small,"Bright, Indirect Light","Spring, Summer",Low to Moderate,Loamy,Drought,None,9 to 12,,,,,,https://brainygardener.com/echeveria-imbricata/,Succulent,75,100,20,60,Yes
68,Delosperma cooperi ,Delosperma ‘Jewel of the Desert Moonstone’,Aizoaceae,Succulent,Garden Origin,Yes,Low,4-6 in,4-6 in,Small,Full Sun,Spring,Low to Moderate,Loamy,Drought,None,5 to 10,,,,,,https://brainygardener.com/delosperma-jewel-of-the-desert-moonstone/,Succulent,100,100,-20,40,Yes
69,Epipremnum aureum ,Pearls and Jade Pothos,Araceae,Evergreen Vine,South Pacific,No,Low,6-10 ft,6-10 ft,Large,"Bright, Indirect Light","Spring, Summer",Low to Moderate,"Chalk, Clay, Loamy, Sandy",,High,9 to 12,,,,,,https://brainygardener.com/pearls-and-jade-pothos/,Evergreen Vine,75,100,20,60,No
70,Clivia miniata,"Bush Lily, Natal Lily, Kaffir Lily",Amaryllidaceae,Herbaceous perennial,"South Africa, Swaziland",No,Low,1-2 ft,1-2 ft,Medium,Part Shade to Full Shade,"Spring, Winter",Moderate,"Chalk, Clay, Loamy, Sandy",,Mild,9 to 11,"Yellow, Orange",,Clivia,Evergreen,"by seed, by division",https://brainygardener.com/clivia-miniata-bush-lily-care-guide/,Herbaceous,0,50,20,50,No
71,Dudleya farinosa,"Bluff Lettuce, Powdery Liveforever",Crassulaceae,Succulent,California,Yes,Low,4-9 in,4-9 in,Small,"Bright, Indirect Light","Spring, Summer",Low to Moderate,Loamy,Drought,None,9 to 11,,,,,,https://brainygardener.com/dudleya-farinosa-bluff-lettuce/,Succulent,75,100,20,50,Yes
72,Delosperma ,Delosperma ‘Jewel of the Desert Garnet’,Aizoaceae,Succulent,Garden Origin,Yes,Low,4-6 in,4-6 in,Small,Full Sun,"Spring, Summer, Autumn, Winter",Low to Moderate,Loamy,Drought,None,5 to 10,,,,,,https://brainygardener.com/delosperma-jewel-of-the-desert-garnet/,Succulent,100,100,-20,40,Yes
73,Agave franzosinii ,Majestic Agave,Asparagaceae,Succulent,Mexico,Yes,Low,6-8 ft,6-8 ft,Large,Full Sun,Summer,Low,"Loamy, Sandy","Drought, Salt",Mild,8 to 11,Yellow,,,,,https://brainygardener.com/agave-franzosinii-majestic-agave/,Succulent,100,100,10,50,Yes
74,Cylindropuntia Bigelovii ,Teddybear Cholla,Cactaceae,Cactus – Succulent,Southwestern United States,Yes,Low,3-8 ft,3-8 ft,Medium,Full Sun,"Spring, Summer",Low,"Loamy, Sandy",Drought,None,9 to 11,,,,,,https://brainygardener.com/cylindropuntia-bigelovii-teddybear-cholla/,Cactus,100,100,20,50,Yes
75,Glottiphyllum linguiforme,Tongue Leaf Plant,Aizoaceae,Succulent,South Africa (Cape Province),No,Low,2-3 in,2-3 in,Small,Full Sun,Autumn,Low,"Loamy, Sandy",,None,9b to 11,Yellow,Mesembryanthemum linguiforme,Glottiphyllum,Evergreen,"by seeds, by cuttings",https://brainygardener.com/tongue-leaf-plant-glottiphyllum-linguiforme/,Succulent,100,100,25,50,No
76,Echeveria pulidonis,Pulido’s Echeveria,Crassulaceae,Succulent,Mexico,Yes,Low,6-8 in,6-8 in,Small,"Bright, Indirect Light","Spring, Summer",Low to Moderate,Loamy,Drought,None,9 to 12,,,,,,https://brainygardener.com/echeveria-pulidonis/,Succulent,75,100,20,60,Yes
77,Pachyphytum oviferum,"Moonstone Succulent, Sugar Almond Plant, Pearly Moonstones",Crassulaceae,Succulent,Mexico,Yes,Low,4 in,4 in,Small,Full Sun to Part Shade,Spring,Low,"Loamy, Sandy",Drought,None,10a to 11b,"White, Green",,Pachyphytum,Evergreen,"by cuttings, by seeds",https://brainygardener.com/moonstone-succulent-pachyphytum-oviferum-care/,Succulent,50,100,30,50,Yes
78,Philodendron hederaceum var. hederaceum,"Philodendron micans, Velvet-Leaf Philodendron",Araceae,Vine,Americas,Yes,Low,8 in,8 in,Small,"Bright, Indirect Light","Spring, Summer",Low to Moderate,Loamy,,High,10 to 11,,,,,,https://brainygardener.com/philodendron-micans-velvet-leaf-philodendron/,Vine,75,100,30,50,No
79,Echeveria ,Echeveria ‘Afterglow’,Crassulaceae,Succulent,"Mexico, Americas",Yes,Low,12-24 in,12-24 in,Medium,"Bright, Indirect Light","Spring, Summer",Low to Moderate,Loamy,Drought,None,9 to 12,,,,,,https://brainygardener.com/echeveria-afterglow/,Succulent,75,100,20,60,Yes
80,Echeveria ,Arlie Wright,Crassulaceae,Succulent,"Mexico, South America",Yes,Low,4 in,4 in,Small,"Bright, Indirect Light","Spring, Summer",Low to Moderate,Loamy,Drought,None,9 to 12,,,,,,https://brainygardener.com/echeveria-arlie-wright/,Succulent,75,100,20,60,Yes
81,Agave parryi var. truncata,Artichoke Agave,Asparagaceae,Succulent,"Arizona, Texas, New Mexico",Yes,Low,1-2 ft,1-2 ft,Medium,Full Sun,Summer,Low,"Loamy, Sandy",Drought,Mild,8 to 12,"Yellow, Orange",,,,,https://brainygardener.com/agave-parryi-var-truncata-artichoke-agave/,Succulent,100,100,10,60,Yes
82,Schlumbergera,Holiday Cactus,Cactaceae,Cactus,Brazil,No,Low,6-12 in,1-2 in,Small,Part Shade,"Spring, Summer, Autumn",Low,"Loamy, Sandy",,None,10 to 12,"Pink, Red, White, Purple, Yellow","Epiphyllanthus, Opuntiopsis, Zygocactus, Zygocereus, Epiphyllum",,Evergreen,"by seeds, by cuttings",https://brainygardener.com/holiday-cactus-schlumbergera-indoor-care-guide/,Cactus,50,50,30,60,No
83,Delosperma ,Delosperma ‘Jewel of the Desert Opal’,Aizoaceae,Succulent,Garden Origin,Yes,Low,4-6 in,4-6 in,Small,Full Sun,"Spring, Summer, Autumn, Winter",Low to Moderate,Loamy,Drought,None,5 to 10,,,,,,https://brainygardener.com/delosperma-jewel-of-the-desert-opal/,Succulent,100,100,-20,40,Yes
84,Crassula muscosa,"Watch Chain Plant, Watch Chain Succulent, Watch-Chain Cypress, Moss Cypress, Princess Pine, Rattail Crassula, Toy Cypress",Crassulaceae,Succulent,"South Africa, Namibia",No,Low,6-8 in,6-8 in,Small,Full Sun to Part Shade,Spring,Low,"Loamy, Sandy",Drought,None,9a to 10b,"Pink, Red, White, Yellow","Crassula lycopodioides, Crassula pseudolycopodioides",Crassula,Evergreen,"by seeds, by cuttings",https://brainygardener.com/watch-chain-plant-crassula-muscosa-indoor-care/,Succulent,50,100,20,40,Yes
85,Guzmania lingulata,"Droophead Tufted Airplant, Orange Star plant, Scarlet Star, Vase Plant",Bromeliaceae,Epiphyte,Tropical Americas,Yes,Moderate,1-2 ft,1-2 ft,Medium,Part Shade,Summer,High,Loamy,,None,11 to 12,"Pink, Orange, Red","Tillandsia lingulata, Caraguata lingulata, Guzmania cardinalis, Guzmania minor, Caraguata splendens, Guzmania peacockii",Guzmania,Evergreen,by offsets,https://brainygardener.com/scarlet-star-guzmania-lingulata-care-guide/,Epiphyte,50,50,40,60,No
86,Agave striata,Narrow Leaf Century Plant,Asparagaceae,Succulent,Northeastern Mexico,Yes,Low,1-2 ft,1-2 ft,Medium,Full Sun,Summer,Low,"Loamy, Sandy",Drought,Mild,7 to 11,Pale yellow,,,,,https://brainygardener.com/agave-striata-narrow-leaf-century-plant/,Succulent,100,100,0,50,Yes
87,Epipremnum pinnatum ,"NJoy Pothos, N’Joy Pothos",Araceae,Evergreen Vine,Asia,No,Low,10 ft,10 ft,Large,"Bright, Indirect Light","Spring, Summer",Low to Moderate,"Chalk, Clay, Loamy, Sandy",,High,10 to 11,,,,,,https://brainygardener.com/njoy-pothos-care/,Evergreen Vine,75,100,30,50,No
88,Agave desmettiana ,Smooth Agave,Asparagaceae,Succulent,Garden Origin,Yes,Low,2-3 ft,2-3 ft,Medium,Full Sun to Part Shade,Summer,Low,"Loamy, Sandy","Drought, Salt",Mild,9 to 11,Yellow,,,,,https://brainygardener.com/agave-desmettiana-variegata-care/,Succulent,50,100,20,50,Yes
89,Lithops,"Living Stone, Pebble Plants",Aizoaceae,Succulent,Southern Africa,No,Moderate,1 in,1 in,Small,Full Sun to Part Shade,"Autumn, Winter",Low,Sandy,Drought,None,9a to 11,"White, Yellow, Orange",,,Evergreen,"by seeds, by cuttings",https://brainygardener.com/living-stone-lithops-indoor-care-guide/,Succulent,50,100,20,50,Yes
90,Schlumbergera gaertneri (Previously Hatiora gaertneri),"Easter Cactus, Holiday Cactus, Whitsun",Cactaceae,Cactus,Brazil,No,Low,6-12 in,6-12 in,Small,Part Shade,Spring,Low,"Loamy, Sandy",,None,10 to 12,"Red, Pink, White","Epiphyllum gaertneri, Epiphyllum makoyanum, Epiphyllum russellianum, Hatiora gaertneri, Rhipsalidopsis gaertneri, Rhipsalis gaertneri",Schlumbergera,Evergreen,"by seeds, by cuttings",https://brainygardener.com/easter-cactus-schlumbergera-gaertneri-care/,Cactus,50,50,30,60,No
91,Delosperma ,Delosperma ‘Jewel of the Desert Peridot’,Aizoaceae,Succulent,Garden Origin,Yes,Low,4-6 in,4-6 in,Small,Full Sun,Spring,Low to Moderate,Loamy,Drought,None,5 to 10,,,,,,https://brainygardener.com/delosperma-jewel-of-the-desert-peridot/,Succulent,100,100,-20,40,Yes
92,Agave vilmoriniana,Octopus Agave,Asparagaceae,Succulent,Mexico,Yes,Low,3-4 ft,3-4 ft,Medium,Full Sun,Summer,Low,"Loamy, Sandy",Drought,Mild,9 to 11,"Yellow, Gold",,,,,https://brainygardener.com/agave-vilmoriniana-octopus-agave/,Succulent,100,100,20,50,Yes
93,Epipremnum aureum ,Shangri La Pothos,Araceae,Evergreen Vine,Garden Origin,Yes,Low,2-3 ft,2-3 ft,Medium,"Bright, Indirect Light","Spring, Summer",Low to Moderate,Loamy,Drought,High,10 to 12,,,,,,https://brainygardener.com/shangri-la-pothos/,Evergreen Vine,75,100,30,60,Yes
94,Delosperma cooperi ,Delosperma ‘Violet Wonder’,Aizoaceae,Succulent,Garden Origin,Yes,Low,4-6 in,4-6 in,Small,Full Sun,Spring,Low to Moderate,Loamy,Drought,None,6 to 10,,,,,,https://brainygardener.com/delosperma-violet-wonder/,Succulent,100,100,-10,40,Yes
95,Crassula perforata,String of Buttons,Crassulaceae,Succulent,South Africa,No,Low,1-2 ft ,1-2 ft ,Medium,"Bright, Indirect Light",Spring,Low,Loamy,Drought,High,9 to 12,,,,,,https://brainygardener.com/crassula-perforata/,Succulent,75,100,20,60,Yes
96,Agave havardiana,Havard Agave,Asparagaceae,Succulent,"Texas, Mexico",Yes,Low,2-3 ft,2-3 ft,Medium,Full Sun,Summer,Low,"Loamy, Sandy",Drought,None,5 to 10,"Yellow, Gold",,,,,https://brainygardener.com/agave-havardiana-havard-agave/,Succulent,100,100,-20,40,Yes
97,Alocasia × amazonica,"Elephant Ear Plant, African Mask Plant",Araceae,Bulb,Garden Origin,Yes,Low,1-2 ft,1-2 ft,Medium,Part Shade,"Spring, Summer",Moderate,Loamy,,High,10 to 12,"Yellow, Rare",,Alocasia,Evergreen,"by seeds, by division",https://brainygardener.com/african-mask-plant-alocasia-amazonica-care/,Bulb,50,50,30,60,No
98,Austrocindropuntia subulata,Eve’s Needle Cactus,Cactaceae,Succulent,"Peruvian Andes, Bolivia, Argentina",No,Low,1-13 ft,1-2 ft,Medium,Full Sun,,Low,"Loamy, Sandy",Drought,None,9 to 11,"Red, Orange, Green",,,,,https://brainygardener.com/austrocylindropuntia-subulata-eves-needle/,Cactus,100,100,20,50,Yes
99,Agave ,Cream Spike Agave,Asparagaceae,Succulent,Garden Origin,Yes,Low,4 in,4 in,Small,Full Sun to Part Shade,Summer,Low,"Loamy, Sandy","Drought, Salt",Mild,8 to 11,Yellow,,,,,https://brainygardener.com/agave-cream-spike-care/,Succulent,50,100,10,50,Yes
100,Aeonium canariense,"Canary Island Aeonium, Giant Velvet Rose, Tree Aeonium",Crassulaceae,Succulent,Canary Islands,No,Low,2-3 ft,2-3 ft,Medium,Full Sun to Part Shade,Summer,Low to Moderate,"Loamy, Sandy","Drought, Salt",None,9 to 11,Yellow,,,,,https://brainygardener.com/aeonium-canariense-canary-island-aeonium-care/,Succulent,50,100,20,50,Yes
101,Aeonium tabuliforme,"Dinner Plate Aeonium, Flat-topped Aeonium",Crassulaceae,Succulent,Canary Islands,No,Low,2-6 in,2-6 in,Small,Full Sun,Spring,Low to Moderate,"Loamy, Sandy",Drought,None,9 to 11,Yellow,,,,,https://brainygardener.com/aeonium-tabuliforme-care/,Succulent,100,100,20,50,Yes
102,Aeonium ,Giant Red Aeonium,Crassulaceae,Succulent,"Hybrid, Garden origin",Yes,Low,4-5 ft,4-5 ft,Large,Full Sun,"Spring, Winter",Low to Moderate,"Loamy, Sandy",Drought,None,9 to 11,Yellow Gold,,,,,https://brainygardener.com/aeonium-cyclops-care/,Succulent,100,100,20,50,Yes
103,Aloe cameronii,Red Aloe,Asphodelaceae,Succulent,Africa,No,Low,1-2 ft,1-2 ft,Medium,Full Sun,"Spring, Winter",Low,"Loamy, Sandy",Drought,None,9 to 12,"Red, Orange",,,,,https://brainygardener.com/aloe-cameronii-red-aloe-care/,Succulent,100,100,20,60,Yes
104,Phalaenopsis amabilis,"Moon Orchid, Moth Orchid, Phalaenopsis Orchid",Orchidaceae,"Herbaceous, perennial","East Indies, Australia",No,Moderate,0.5-4 ft,8-12 in,Medium,Part Shade,"Spring, Summer, Autumn",Moderate,Orchid or Bark Mix,,None,10 to 12,"White, Purple, Pink, Salmon, Yellow",Epidendrum amabileCymbidium amabileSynadena amabilis,Phalaenopsis,Evergreen,"by cuttings, by offshoots",https://brainygardener.com/moth-orchid-phalaenopsis-amabilis-indoor-care/,Herbaceous,50,50,30,60,No
105,Lithops pseudotruncatella,Truncate Living Stone,Aizoaceae,Succulent,Namibia,No,Moderate,3-4 in,3-4 in,Small,Full Sun to Part Shade,"Summer, Autumn",Low,Sandy,Drought,None,10a to 11b,Yellow,"Lithops alpina Dinter, Lithops elisabethiae, Lithops mundtii, Lithops pseudotruncatella var. alpina, Lithops pseudotruncatella var. riehmerae, Lithops pseudotruncatella subsp. volkii Mesembryanthemum pseudotruncatellum",Lithops,Evergreen,"by seeds, by offsets",https://brainygardener.com/truncate-living-stone-lithops-pseudotruncatella/,Succulent,50,100,30,50,Yes
106,Aloe rubroviolacea,Arabian Aloe,Asphodelaceae,Succulent," Yemen, Saudi Arabia",No,Low,2-3 ft,2-3 ft,Medium,Full Sun,Winter,Low,"Loamy, Sandy",Drought,None,9 to 11,Red,,,,,https://brainygardener.com/aloe-rubroviolacea-arabian-aloe-care/,Succulent,100,100,20,50,Yes
107,Agave desmetiana ,Agave ‘Joe Hoak’,Asparagaceae,Succulent,Garden Origin,Yes,Low,2-3 ft,2-3 ft,Medium,Full Sun to Part Shade,Summer,Low,"Loamy, Sandy","Drought, Salt",Mild,9 to 11,Yellow,,,,,https://brainygardener.com/agave-joe-hoak-care/,Succulent,50,100,20,50,Yes
108,Delosperma cooperi,"Delosperma cooperi, Ice Plant, Hardy Ice Plant",Aizoaceae,Succulent,Garden Origin,Yes,Low,3-6 in,3-6 in,Small,Full Sun,"Summer, Autumn",Low to Moderate,Loamy,Drought,None,6 to 10,,,,,,https://brainygardener.com/delosperma-cooperi/,Succulent,100,100,-10,40,Yes
109,Delosperma cooperi ,Delosperma ‘Hot Pink Wonder’,Aizoaceae,Succulent,Garden Origin,Yes,Low,4-6 in,4-6 in,Small,Full Sun,Spring,Low to Moderate,Loamy,Drought,None,6 to 10,,,,,,https://brainygardener.com/delosperma-hot-pink-wonder/,Succulent,100,100,-10,40,Yes
110,Epipremnum aureum ,Jessenia Pothos,Araceae,Evergreen Vine,South America,No,Low,10 ft,10 ft,Large,"Bright, Indirect Light","Spring, Summer",Low to Moderate,Loamy,Drought,High,10 to 12,,,,,,https://brainygardener.com/jessenia-pothos/,Evergreen Vine,75,100,30,60,Yes
111,Dasylirion Wheeleri ,Desert Spoon,Asparagaceae,"Cactus – Succulents, Shrubs","Mexico, United States",Yes,Low,3-4 ft,3-4 ft,Medium,Full Sun,Summer,Low,"Loamy, Sandy",Drought,None,8 to 11,,,,,,https://brainygardener.com/dasylirion-wheeleri-desert-spoon/,Succulent,100,100,10,50,Yes
112,"Aloidendron barberae (former name: Aloe bainesii, Aloe barberae)",Tree Aloe,Asphodelaceae,Succulent,South Africa,No,Low,20-30 ft,20-30 ft,Large,Full Sun to Part Shade,Winter,Low,"Loamy, Sandy","Drought, Rocky Soil",None,9 to 11,Rose Pink (tipped with green),,,,,https://brainygardener.com/aloidendron-barberae-tree-aloe-care/,Succulent,50,100,20,50,Yes
113,Epipremnum Aureum ,Harlequin Pothos,Araceae,Evergreen Vine,Garden Origin,Yes,Low,10 ft,10 ft,Large,"Bright, Indirect Light","Spring, Summer",Low to Moderate,Loamy,Drought,High,10 to 11,,,,,,https://brainygardener.com/harlequin-pothos/,Evergreen Vine,75,100,30,50,Yes
114,Aloe marlothii,Mountain Aloe,Asphodelaceae,Succulent,South Africa,No,Low,8-10 ft,8-10 ft,Large,Full Sun,Winter,Low,"Loamy, Sandy",Drought,None,9 to 12,"Red, Yellow",,,,,https://brainygardener.com/aloe-marlothii-mountain-aloe-care/,Succulent,100,100,20,60,Yes
115,Delosperma ,Delosperma ‘Jewel Of The Desert Rosequartz’,Aizoaceae,Succulent,Garden Origin,Yes,Low,4-6 in,4-6 in,Small,Full Sun,Spring,Low,"Loamy, Sandy",Drought,None,5 to 10,,,,,,https://brainygardener.com/delosperma-jewel-of-the-desert-rosequartz/,Succulent,100,100,-20,40,Yes
116,Delosperma ,Delosperma ‘Jewel Of The Desert Grenade’,Aizoaceae,Succulent,South Africa,No,Low,4-6 in,4-6 in,Small,Full Sun,Spring,Low,"Loamy, Sandy",Drought,None,5 to 10,,,,,,https://brainygardener.com/delosperma-jewel-of-the-desert-grenade/,Succulent,100,100,-20,40,Yes
117,Agave shawii,Shaw’s Agave,Asparagaceae,Succulent,"Baja California, California",Yes,Low,2-3 ft,2-3 ft,Medium,Full Sun,Summer,Low,"Loamy, Sandy",Drought,Mild,9 to 10,"Yellow, Gold",,,,,https://brainygardener.com/agave-shawii-shaws-agave/,Succulent,100,100,20,40,Yes
118,Cryptanthus bivittatus,"Dwarf Rose-Stripe Star, Earth Star plant, Green earth star, Pink Starlite, Starfish plant, Star Plant, Vary-leaf star",Bromeliaceae,Bromeliad,Brazil,No,Low,4-6 in,6-12 in,Small,Part Shade,Random,Moderate,"Loamy, Sandy",Drought,None,10 to 12,"White, Rare",,Cryptanthus,Evergreen,"by seeds, by offsets",https://brainygardener.com/earth-star-plant-cryptanthus-bivittatus-care/,Bromeliad,50,50,30,60,Yes
119,Epipremnum pinnatum  ,Baltic Blue Pothos,Araceae,Evergreen Vine,Southeast Asia,No,Low,10 ft,10 ft,Large,"Bright, Indirect Light","Spring, Summer",Low to Moderate,Loamy,Drought,High,10 to 11,,,,,,https://brainygardener.com/baltic-blue-pothos/,Evergreen Vine,75,100,30,50,Yes
120,Aeonium decorum,Green Pinwheel,Crassulaceae,Succulent,Canary Islands,No,Low,1-2 ft,1-2 ft,Medium,Full Sun to Part Shade,"Spring, Summer",Low to Moderate,"Loamy, Sandy","Drought, Salt",None,9 to 11,Yellow,,,,,https://brainygardener.com/aeonium-decorum-green-pinwheel-care/,Succulent,50,100,20,50,Yes
121,Agave parryi,"Parry’s Agave, Mezcal Agave, Century Plant",Asparagaceae,Succulent,Americas,Yes,Low,1-3 ft,1-3 ft,Medium,Full Sun to Part Shade,Summer,Low,"Loamy, Sandy","Drought, Salt",Mild,7 to 10,"Yellow, Gold",,,,,https://brainygardener.com/agave-parryi-parrys-agave/,Succulent,50,100,0,40,Yes
122,Echeveria derenbergii,"Painted Lady Echeveria, Blue Echeveria, Copper Rose, Maroon Chenille Plant, Painted Lady, Painted-Lady, Plush Plant, Wax Rosette",Crassulaceae,Succulent,Mexico,Yes,Low,4 in,1-3 ft,Medium,Full Sun to Part Shade,"Spring, Summer, Autumn, Winter",Low,"Loamy, Sandy",Drought,None,9a to 11b,Yellow,,Echeveria,Evergreen,by cuttings,https://brainygardener.com/painted-lady-echeveria-echeveria-derenbergii/,Succulent,50,100,20,50,Yes
123,Agave parrasana,Cabbage Head Agave,Asparagaceae,Succulent,Mexico,Yes,Low,1-2 ft,1-2 ft,Medium,Full Sun to Part Shade,Summer,Low,"Loamy, Sandy","Drought, Salt",Mild,7 to 11,"Yellow, Gold",,,,,https://brainygardener.com/agave-parrasana-cabbage-head-agave/,Succulent,50,100,0,50,Yes
124,Crassula capitella ,Crassula Red Pagoda,Crassula,Succulent,South Africa,No,Low,10 ft,10 ft,Large,Full Sun to Part Shade,Summer,Low,Loamy,Drought,High,9 to 12,,,,,,https://brainygardener.com/crassula-red-pagoda/,Succulent,50,100,20,60,Yes
125,Dracaena sanderiana,"Fortune plant, Sander’s dracaena, Ribbon plant, Lucky bamboo, Curly bamboo, Chinese water bamboo, Friendship bamboo",Asparagaceae,Herbaceous perennial,West Central Tropical Africa to North East Angola,No,Low,1-5 ft,1-5 ft,Medium,Part Shade to Full Shade,Random,Moderate,Loamy,,Mild,10 to 12,"White, Rare","Dracaena braunii, Pleomele braunii, Pleomele sanderiana",Dracaena,Evergreen,by stem cuttings,https://brainygardener.com/lucky-bamboo-dracaena-sanderiana-care-guide/,Herbaceous,0,50,30,60,No
126,Echinocactus grusonii,"Golden Barrel Cactus, Golden Ball Cactus, Mother-in-law’s-cushion, Mother-in-law’s-seat",Cactaceae,Cactus,Mexico,Yes,Low,0.5-2 ft,2-3 ft,Medium,Full Sun to Part Shade,Summer,Low,"Loamy, Sandy",Drought,None,9a to 11b,Yellow,"Echinocactus corynacanthus, Echinocactus galeottii",Echinocactus,Evergreen,by seeds,https://brainygardener.com/golden-barrel-cactus-echinocactus-grusonii-care/,Cactus,50,100,20,50,Yes
127,Aeonium arboreum,"Tree Houseleek, Tree Aeonium, Irish Rose",Crassulaceae,Succulent,Canary Islands,No,Low,3-5 ft,3-5 ft,Medium,Full Sun to Part Shade,Spring,Low to Moderate,"Loamy, Sandy","Drought, Salt",None,9 to 11,Yellow,,,,,https://brainygardener.com/aeonium-arboreum-care/,Succulent,50,100,20,50,Yes
128,Epipremnum aureum ,Global Green Pothos,Araceae,Evergreen Vine,Garden Origin,Yes,Low,5-10 ft,5-10 ft,Large,"Bright, Indirect Light","Spring, Summer",Low to Moderate,Loamy,Drought,High,10 to 12,,,,,,https://brainygardener.com/global-green-pothos/,Evergreen Vine,75,100,30,60,Yes
129,Monstera deliciosa,"Swiss Cheese Plant, Ceriman, Hurricane Plant, Mexican Breadfruit, Mother-in-Law",Araceae,Vine,"Mexico, Central America",Yes,Low,4-70 ft,4-10 ft,Large,Part Shade,"Spring, Summer",Moderate,"Chalk, Clay, Loamy, Sandy",,Moderate,10 to 12,"White, Rare","Monstera borsigiana, Monstera deliciosa, Monstera deliciosa, Monstera tacanaensis, Philodendron anatomicum, Philodendron pertusum, Tornelia fragrans",Monstera,Evergreen,"by seed, by cuttings, by layering",https://brainygardener.com/swiss-cheese-plant-monstera-deliciosa-care/,Vine,50,50,30,60,No
130,Agave filifera,"Thread Agave, Thread-leaf Agave",Asparagaceae,Succulent,Central Mexico,Yes,Low,1-2 ft,2-3 ft,Medium,Full Sun,Summer,Low,"Loamy, Sandy",Drought,Mild,9 to 11,Green-white,"Agave filamentosa, Agave pseudofilifera, Bonapartea filamentosa",Agave,Evergreen,by offsets,https://brainygardener.com/thread-agave-agave-filifera-indoor-care-guide/,Succulent,100,100,20,50,Yes
131,Aloe x principis,Aloe principis,Asphodelaceae,Succulent,South Africa,No,Low,6-9 ft,6-9 ft,Large,Full Sun,Winter,Low,"Loamy, Sandy",Drought,None,9 to 11,"Red, Orange",,,,,https://brainygardener.com/aloe-principis-aloe-x-principis/,Succulent,100,100,20,50,Yes
132,Mimosa pudica,"Sensitive plant, Sleepy plant, Action plant, Touch-me-not Plant, Shameplant, Humble Plant",Fabaceae,Perennial,"Caribbean, South and Central America",No,Low,1-2 ft,1-5 ft,Medium,Full Sun to Part Shade,Summer,Moderate,Loamy,,Mild,10 to 12,"Pink, Lavendar",,Mimosa,Evergreen,"by seed, by cuttings",https://brainygardener.com/touch-me-not-plant-mimosa-pudica-indoor-care/,Other,50,100,30,60,No
133,Crassula ovata,"Jade Plant, Money Plant, Lucky Plant, Money Tree",Crassulaceae,Succulent Evergreen,"South Africa, Mozambique",No,Low,2-9 ft,2-5 ft,Medium,Full Sun to Part Shade,"Spring, Winter",Low,"Loamy, Sandy",Drought,High,11 to 12,"White, Pink","Cotyledon lutea, Cotyledon ovata, Crassula argentea, Crassula articulata Zuccagni, Crassula nitida Schönland, Crassula obliqua Aiton, Crassula portulacea",Crassula,Broadleaf Evergreen,"by seeds, by cuttings",https://brainygardener.com/crassula-ovata-care-and-jade-plant-guide/,Succulent,50,100,40,60,Yes
134,Aloe nobilis,Golden Toothed Aloe,Asphodelaceae,Succulent,South Africa,No,Low,6-12 in,6-12 in,Small,Full Sun to Light Shade,Summer,Low,"Loamy, Sandy",Drought,None,9 to 11,Orange,,,,,https://brainygardener.com/aloe-nobilis-golden-toothed-aloe-care/,Succulent,75,100,20,50,Yes
135,Hedera helix,"Algerian Ivy, Baltic Ivy, Branching Ivy, California Ivy, Common Ivy, English Ivy, Glacier Ivy, Needlepoint Ivy, Sweetheart Ivy",Araliaceae,Vine,"Europe, Scandinavia, Russia",No,Low,20-80 ft,3-15 ft,Large,Full Sun to Full Shade,Autumn,Moderate,"Chalk, Clay, Loamy, Sandy",Drought,Moderate,4 to 9,Green-white,"Hedera burgalensis, Hedera caucasigena",Hedera,Evergreen,by cuttings,https://brainygardener.com/english-ivy-hedera-helix-indoor-care-guide/,Vine,0,100,-30,30,Yes
136,Philodendron gloriosum,Glorious Philodendron,Araceae,Vine,South America,No,Low,3 ft,3 ft,Medium,"Bright, Indirect Light","Spring, Summer",Low to Moderate,Loamy,,High,10 to 11,,,,,,https://brainygardener.com/philodendron-gloriosum-growing-and-care-guide/,Vine,75,100,30,50,No
137,Aloe maculata,Soap Aloe,Asphodelaceae,Succulent,South Africa,No,Low,1-2 ft,1-2 ft,Medium,Full Sun to Part Shade,"Spring, Winter",Low,"Loamy, Sandy","Drought, Salt",None,8 to 12,Coral Orange,,,,,https://brainygardener.com/aloe-maculata-soap-aloe-care/,Succulent,50,100,10,60,Yes
138,Cylindropuntia Echinocarpa ,Silver Cholla,Cactaceae,Cactus – Succulent,"United States, Northwestern Mexico",Yes,Low,6-10 ft,6-10 ft,Large,Full Sun,"Spring, Summer",Low,"Loamy, Sandy",Drought,None,9 to 11,,,,,,https://brainygardener.com/cylindropuntia-echinocarpa/,Cactus,100,100,20,50,Yes
139,Agave bracteosa,"Squid Agave, Spider Agave",Asparagaceae,Succulent,Mexico,Yes,Low,1 ft,1 ft,Medium,Full Sun,Summer,Low,"Loamy, Sandy","Drought, Salt",None,7 to 11,Creamy White,,,,,https://brainygardener.com/agave-bracteosa-squid-agave/,Succulent,100,100,0,50,Yes
140,Echeveria laui ,Echeveria laui ,Crassulaceae,Succulent,Mexico,Yes,Low,6 in,6 in,Small,"Bright, Indirect Light","Spring, Summer",Low to Moderate,Loamy,Drought,None,9 to 12,,,,,,https://brainygardener.com/echeveria-laui/,Succulent,75,100,20,60,Yes
141,Aloe polyphylla,Spiral Aloe,Asphodelaceae,Succulent,Lesotho,No,Low,1 ft,1 ft,Medium,Full Sun,"Spring, Summer",Low,"Loamy, Sandy",Drought,None,9 to 12,"Red, Pink",,,,,https://brainygardener.com/aloe-polyphylla-spiral-aloe-care/,Succulent,100,100,20,60,Yes
142,Echeveria  ,Echeveria ‘Frank Reinelt’ ,Crassulaceae,Succulent,Mexico,Yes,Low,3-4 in,3-4 in,Small,"Bright, Indirect Light","Spring, Summer",Low to Moderate,Loamy,Drought,None,9 to 12,,,,,,https://brainygardener.com/echeveria-frank-reinelt/,Succulent,75,100,20,60,Yes
143,Delosperma ,Delosperma ‘Jewel Of The Desert Ruby’,Aizoaceae,Succulent,Garden Origin,Yes,Low,4-6 in,4-6 in,Small,Full Sun,"Spring, Summer, Autumn",Low,"Loamy, Sandy",Drought,High,5 to 10,,,,,,https://brainygardener.com/delosperma-jewel-of-the-desert-ruby/,Succulent,100,100,-20,40,Yes
144,Echinopsis chamaecereus,Peanut Cactus,Cactaceae,Cactus,Argentina,No,Low,1-6 in,1-6 in,Small,Full Sun,"Spring, Summer",Low,"Loamy, Sandy",Drought,None,10a to 11b,Red,"Chamaecereus silvestrii,Lobivia silvestrii",Echinopsis,Evergreen,"by seeds, by offsets",https://brainygardener.com/peanut-cactus-echinopsis-chamaecereus-care/,Cactus,100,100,30,50,Yes
145,Epipremnum aureum  ,Snow Queen Pothos,Araceae,Evergreen Vine,Asia,No,Low,6-10 ft,6-10 ft,Large,"Bright, Indirect Light","Spring, Summer",Low to Moderate,Loamy,Drought,High,10 to 11,,,,,,https://brainygardener.com/snow-queen-pothos/,Evergreen Vine,75,100,30,50,Yes
146,Cylindropuntia Imbricata ,Tree Cholla,Cactaceae,Cactus – Succulents,"Southwestern United States, Northwestern Mexico",Yes,Low,3-8 ft,3-8 ft,Large,Full Sun,"Spring, Summer",Low,"Loamy, Sandy",Drought,None,5 to 11,,,,,,https://brainygardener.com/cylindropuntia-imbricata/,Cactus,100,100,-20,50,Yes
147,Epipremnum pinnatum ,Cebu Blue Pothos,Araceae,Evergreen Vine,Asia,No,Low,10-40 ft,10-40 ft,Large,"Bright, Indirect Light","Spring, Summer",Low to Moderate,Loamy,Drought,High,9 to 11,,,,,,https://brainygardener.com/cebu-blue-pothos/,Evergreen Vine,75,100,20,50,Yes
148,Epipremnum aureum ,Jade Pothos,Araceae,Evergreen Vine,South Pacific,No,Low,20-40 ft,20-40 ft,Large,"Bright, Indirect Light","Spring, Summer",Low to Moderate,"Chalk, Clay, Loamy, Sandy",,High,10 to 12,,,,,,https://brainygardener.com/jade-pothos-care/,Evergreen Vine,75,100,30,60,No
149,Astrophytum asterias,"Star Cactus, Sand Dollar Cactus, Sea Urchin Cactus, Star Peyote",Cactaceae,Cactus,"Texas, Mexico",Yes,Low,1-2 in,1-6 in,Small,Full Sun to Light Shade,Summer,Low,"Loamy, Sandy",Drought,None,9 to 11,"Yellow, Pink, Red",Echinocactus asterias,Astrophytum,,by seeds,https://brainygardener.com/star-cactus-astrophytum-asterias-indoor-care/,Cactus,75,100,20,50,Yes
150,Ananas comosus,"Pineapple, bananas, pina",Bromeliaceae,"Fruit, perennial","Brazil, Tropical South America",No,Moderate,3-4 ft,3-4 ft,Medium,Full Sun to Part Shade,"Spring, Summer",High,Loamy,,Mild,10 to 12,"Red, Pink","Bromelia ananas, Bromelia comosa, Distiacanthus communis",Ananas,Evergreen,"by offset, by side shoot",https://brainygardener.com/pineapple-ananas-comosus-indoor-care-guide/,Fruit,50,100,30,60,No
151,Echeveria ,Echeveria ‘Princess Lace’,Crassulaceae,Succulent,"Mexico, Texas, Americas",Yes,Low,6-24 in,6-24 in,Small,"Bright, Indirect Light","Spring, Summer",Low to Moderate,Loamy,Drought,None,9 to 12,,,,,,https://brainygardener.com/echeveria-princess-lace/,Succulent,75,100,20,60,Yes
152,Echeveria agavoides,Lipstick Echeveria,Crassulaceae,Succulent,Mexico,Yes,Low,6 in,6 in,Small,"Bright, Indirect Light","Spring, Summer",Low to Moderate,Loamy,Drought,None,9 to 12,,,,,,https://brainygardener.com/echeveria-agavoides-lipstick-echeveria/,Succulent,75,100,20,60,Yes
153,Sempervivum tectorum,"Common Houseleek, Hens and Chicks, House Leek, Roof House Leek",Crassulaceae,Succulent,Southern Europe,No,Low,6-12 in,6-24 in,Small,Full Sun to Part Shade,Summer,Low,"Loamy, Sandy",Drought,None,3 to 8,Purple,Sempervivum,Sempervivum,Evergreen,"by seeds, by offsets",https://brainygardener.com/common-houseleek-sempervivum-tectorum/,Succulent,50,100,-40,20,Yes
154,Saxifraga stolonifera,Strawberry Begonia,Saxifragaceae,Herbaceous perennial,"China, Japan, South Korea, Taiwan",No,Low,6-24 in,12-24 in,Medium,Part Shade to Full Shade,Summer,Moderate,"Chalk, Loamy, Sandy",,None,7 to 9,Pink-white,"Adenogyna sarmentosa, Diptera sarmentosa, Ligularia sarmentosa, Robertsonia sarmentosa, Saxifraga sarmentosa",Saxifraga,Evergreen,"by seed, by plantlets",https://brainygardener.com/strawberry-begonia-saxifraga-stolonifera-care/,Herbaceous,0,50,0,30,No
155,Agave macroacantha,Black Spined Agave,Asparagaceae,Succulent,Mexico,Yes,Low,1-2 ft,1-2 ft,Medium,Full Sun to Part Shade,Summer,Low,"Loamy, Sandy",Drought,Mild,8 to 11,"Purple, Green",,,,,https://brainygardener.com/agave-macroacantha-black-spined-agave/,Succulent,50,100,10,50,Yes
156,Echeveria ,Echeveria ‘Perle von Nurnberg’,Crassulaceae,Succulent,Mexico,Yes,Low,8-10 in,8-10 in,Small,"Bright, Indirect Light","Spring, Summer",Low to Moderate,Loamy,Drought,None,9 to 12,,,,,,https://brainygardener.com/echeveria-perle-von-nurnberg/,Succulent,75,100,20,60,Yes
157,Wallisia Cyanea,Pink Quill,Bromeliaceae,Epiphyte,Ecuador,No,Moderate,10-20 in,10-20 in,Medium,Light Shade to Part Shade,"Spring, Autumn",Low,Orchid or Bark Mix,Drought,None,9 to 12,"Pink, Purple","Phytarrhiza lindenii,  Tillandsia cyanea, Tillandsia lindenii, Tillandsia morreniana, Wallisia lindenii", Wallisia,Evergreen,"by seed, by offsets",https://brainygardener.com/pink-quill-wallisia-cyanea-indoor-care-guide/,Epiphyte,50,75,20,60,Yes
158,Scindapsus pictus,"Satin pothos, Silk pothos, Silver pothos, Silver Vine",Araceae,Evergreen Vine,Southeast Asia,No,Low,4-10 ft,4-10 ft,Large,"Bright, Indirect Light",Summer,Low to Moderate,Loamy,Drought,High,10 to 12,,,,,,https://brainygardener.com/satin-pothos-scindapsus-pictus/,Evergreen Vine,75,100,30,60,Yes
159,Aloe vanbalenii,"Van Balen’s Aloe, Octopus Aloe",Asphodelaceae,Succulent,South Africa,No,Low,2-3 ft,2-3 ft,Medium,Full Sun to Part Shade,"Spring, Winter",Low,"Loamy, Sandy",Drought,None,9 to 11,"Yellow, Orange",,,,,https://brainygardener.com/aloe-vanbalenii-van-balens-aloe-care/,Succulent,50,100,20,50,Yes
160,Agave attenuata,"Fox Tail Agave, Elephant’s Tail Agave, Lion’s Tail Agave, Swan’s Neck Agave",Asparagaceae,Succulent,Mexico,Yes,Low,5-6 ft,5-6 ft,Large,Full Sun to Part Shade,Summer,Low,"Loamy, Sandy","Drought, Salt",Mild,9 to 12,"Yellow, Green",,,,,https://brainygardener.com/agave-attenuata-fox-tail-agave/,Succulent,50,100,20,60,Yes
161,Aloe broomii,"Snake Aloe, Mountain Aloe",Asphodelaceae,Succulent,South Africa,No,Low,1-3 ft,1-3 ft,Medium,Full Sun to Light Shade,"Spring, Summer",Low,"Loamy, Sandy",Drought,None,9 to 11,"Yellow, White",,,,,https://brainygardener.com/aloe-broomii-snake-aloe-care/,Succulent,75,100,20,50,Yes
162,Agave ovatifolia,Whale’s Tongue Agave ,Asparagaceae,Succulent,Mexico,Yes,Low,3-4 ft,3-4 ft,Medium,Full Sun to Part Shade,Summer,Low,"Loamy, Sandy",Drought,Mild,7 to 11,"Yellow, Green",,,,,https://brainygardener.com/agave-ovatifolia-whales-tongue-agave/,Succulent,50,100,0,50,Yes
163,Mammillaria zeilmanniana,Rose Pincushion Cactus,Cactaceae,Cactus,Mexico,Yes,Low,1-5 in,1-3 in,Small,Full Sun to Part Shade,"Spring, Summer, Autumn, Winter",Low,"Loamy, Sandy",Drought,None,9 to 10,"Pink, Purple","Mammillaria crinita f. zeilmanniana, Neomammillaria zeilmanniana, Chilita zeilmanniana, Ebnerella zeilmanniana",Mammillaria,Evergreen,"by seeds, by offsets",https://brainygardener.com/rose-pincushion-cactus-mammillaria-zeilmanniana/,Cactus,50,100,20,40,Yes
164,Philodendron ‘Birkin‘,Philodendron Birkin,Araceae,Vine,Central America,Yes,Low,3 ft,3 ft,Medium,"Bright, Indirect Light","Spring, Summer",Low to Moderate,Loamy,,High,9 to 11,,,,,,https://brainygardener.com/philodendron-birkin-care/,Vine,75,100,20,50,No
165,Platycerium bifurcatum,"Staghorn Fern, Common Staghorn Fern, Elkhorn Fern",Polypodiaceae,Epiphytic Fern,"Africa, Australia, Southeast Asia",No,Moderate,2-3 ft,2-3 ft,Medium,Part Shade to Full Shade,,Moderate,Sandy,,None,9 to 13,,,Platycerium,Evergreen,"by spores, by offsets",https://brainygardener.com/staghorn-fern-platycerium-bifurcatum-care/,Epiphyte,0,50,20,70,No
166,Aloe vaombe,Malagasy Tree Aloe,Asphodelaceae,Succulent,Madagascar,No,Low,8-12 ft,8-12 ft,Large,Full Sun,Winter,Low,"Loamy, Sandy",Drought,None,9 to 11,Red,,,,,https://brainygardener.com/aloe-vaombe-malagasy-tree-aloe-care/,Succulent,100,100,20,50,Yes
167,Carnegiea gigantea,Saguaro,Cactaceae,Succulent,"Sonoran Desert (Arizona, California, Mexico)",Yes,Low,10-50 ft,10-50 ft,Large,Full Sun,"Spring, Summer",Low,"Loamy, Sandy","Drought, Salt",None,8 to 11,White,,,,,https://brainygardener.com/carnegiea-gigantea-saguaro-care/,Cactus,100,100,10,50,Yes
168,Opuntia microdasys,"Bunny Ear Cactus, Polka Dot Cactus, Angel’s Wings Cactus",Cactaceae,Cactus,Central and northern Mexico,Yes,Low,2-4 ft,4-5 ft,Large,Full Sun,Summer,Low,"Loamy, Sandy",Drought,None,9 to 12,"Purple, Red",,Opuntia,Evergreen,"by seeds, by stem segments",https://brainygardener.com/bunny-ear-cactus-opuntia-microdasys-indoor-care/,Cactus,100,100,20,60,Yes
169,Cotyledon orbiculata var. oblonga ,Pig’s Ear Plant,Crassulaceae,Succulent,South Africa,No,Low,2-3 ft,2-3 ft,Medium,Full Sun to Part Shade,"Spring, Winter",Low,"Loamy, Sandy",Drought,None,9 to 12,"Coral, Red",,,,,https://brainygardener.com/cotyledon-orbiculata-var-oblonga-macrantha/,Succulent,50,100,20,60,Yes
170,Aeonium ,Blushing Aeonium,Crassulaceae (Stonecrops),"Succulent, House plant, Perennial",Canary Islands,No,Low,2-3 ft,2-3 ft,Medium,Full Sun to Part Shade,Spring,Low to Moderate,"Loamy, Sandy","Drought, Salt",None,9 to 11,Yellow,,,,,https://brainygardener.com/aeonium-blushing-beauty-care/,Succulent,50,100,20,50,Yes
171,Aloe plicatilis,Fan Aloe,Asphodelaceae,Succulent,South Africa,No,Low,4-8 ft,4-8 ft,Large,Full Sun to Light Shade,"Spring, Winter",Low,"Loamy, Sandy",Drought,None,9 to 12,Red,,,,,https://brainygardener.com/aloe-plicatilis-fan-aloe-care/,Succulent,75,100,20,60,Yes
172,Aloe microstigma,Cape Speckled Aloe,Asphodelaceae,Succulent,South Africa,No,Low,1-2 ft,1-2 ft,Medium,Full Sun,"Summer, Winter",Low,"Loamy, Sandy",Drought,None,9 to 11,"Red, Orange, Yellow",,,,,https://brainygardener.com/aloe-microstigma-cape-speckled-aloe-care/,Succulent,100,100,20,50,Yes
173,Echeveria ,Echeveria ‘Cassyz Winter’,Crassulaceae,Succulent,Mexico,Yes,Low,6-8 in,6-8 in,Small,"Bright, Indirect Light","Spring, Summer",Low to Moderate,Loamy,Drought,None,9 to 12,,,,,,https://brainygardener.com/echeveria-cassyz-winter/,Succulent,75,100,20,60,Yes
174,Astrophytum myriostigma var. nudum,Bishop’s Miter,Cactaceae,Succulent,Garden Origin,Yes,Low,1-4 ft,1-4 ft,Medium,Full Sun,"Spring, Summer",Low,"Loamy, Sandy",Drought,None,10 to 11,Pale Yellow,,,,,https://brainygardener.com/astrophytum-myriostigma-var-nudum-bishops-miter/,Cactus,100,100,30,50,Yes
175,Crassula arborescens,"Silver Dollar Jade, Chinese Jade, Silver Jade Plant",Crassulaceae,Succulent,South Africa,No,Low,1-4 ft,1-4 ft,Medium,Full Sun to Part Shade,"Spring, Summer",Low,"Loamy, Sandy",Drought,High,9 to 11,"Pink, White",,,,,https://brainygardener.com/crassula-arborescens-silver-dollar-jade-care/,Succulent,50,100,20,50,Yes
176,Delosperma  ,Ice Plant,Aizoaceae,Succulent,South Africa,No,Low,0-1 ft,0-1 ft,Medium,Full Sun,Spring,Low,"Loamy, Sandy",Drought,None,6 to 10,,,,,,https://brainygardener.com/delosperma-fire-spinner/,Succulent,100,100,-10,40,Yes
177,Agave victoriae-reginae,"Queen Victoria Agave, Royal Agave",Asparagaceae,Succulent,Mexico,Yes,Low,9-12 in,12-24 in,Medium,Full Sun to Light Shade,Rare,Low,"Loamy, Sandy",Drought,None,9 to 11,White,"Agave consideranti, Agave ferdinandi-regis, Agave nickelsii",Agave,Evergreen,"by seeds, by offsets",https://brainygardener.com/queen-victoria-agave-agave-victoriae-reginae/,Succulent,75,100,20,50,Yes
178,Dracaena marginata,"Dragon Tree, Madagascar Dragon Tree, Red edge Dracaena",Asparagaceae,Broadleaf Evergreen,"Madagascar, Mauritius",No,Low,6-20 ft,3-10 ft,Medium,Part Shade,"Spring, Summer",Low,Loamy,Drought,High,10 to 12,"White, Rare",Dracaena reflexa,Dracaena,Evergreen,"by seed, by cuttings",https://brainygardener.com/dracaena-marginata-dragon-tree-care-guide/,Broadleaf Evergreen,50,50,30,60,Yes
179,Senecio rowleyanus,"String of Pearls, Bead Plant, Irish Beads, Necklace Plant, Rosary Vine, String of Beads, String of Marbles, String of Peas",Asteraceae,Succulent Vine,Southwest Africa,No,Low,1-3 ft,1-3 ft,Medium,Part Shade,Summer,Low,Sandy,Drought,Mild,9b to 11a,White,Curio rowleyanus,Senecio,Evergreen,"by cuttings, by division, by seeds",https://brainygardener.com/string-of-pearls-senecio-rowleyanus-care/,Succulent Vine,50,50,25,45,Yes
180,Hippeastrum,Amaryllis,Amaryllidaceae,Bulb,Central and South America,Yes,Low,1-2 ft,7-8 in,Medium,Full Sun to Part Shade,"Spring, Summer, Winter",Moderate,"Chalk, Clay, Loamy, Sandy",,Moderate,7b to 10,"Red, Pink, Purple, White",,,Deciduous,"by seed, by offsets, by twin scale cuttings",https://brainygardener.com/amaryllis-hippeastrum-indoor-care-guide/,Bulb,50,100,5,40,No
181,"Mesembryanthemum cordifolium (Accepted), Aptenia cordifolia","Baby Sun Rose, Heartleaf Iceplant",Aizoaceae,Succulent,South Africa,No,Low,0-1 ft,0-1 ft,Medium,Full Sun to Part Shade,Summer,Low,"Loamy, Sandy",Drought,None,10 to 11,"Red, Purple",,,,,https://brainygardener.com/aptenia-cordifolia-baby-sun-rose-care/,Succulent,50,100,30,50,Yes
182,Calandrinia grandiflora,Rock Purslane,Montiaceae,Succulent,Chile,No,Low,1-3 ft,1-3 ft,Medium,Full Sun to Part Shade,"Spring, Summer, Autumn",Low,"Loamy, Sandy",Drought,None,9 to 11,"Purple, Magenta",,,,,https://brainygardener.com/calandrinia-grandiflora-rock-purslane-care/,Succulent,50,100,20,50,Yes
183,Aeonium ,Aeonium ‘Mardi Gras’,Crassulaceae,Succulent,"Hybrid, Garden origin",Yes,Low,3-4 in,3-4 in,Small,Full Sun to Part Shade,Spring,Low to Moderate,"Loamy, Sandy",Drought,Mild,9 to 11,Yellow,,,,,https://brainygardener.com/aeonium-mardi-gras-growing-and-care-guide/,Succulent,50,100,20,50,Yes
184,Philodendron hederaceum,Heartleaf Philodendron,Araceae,Vine,Americas,Yes,Low,1-3 ft,1-3 ft,Medium,"Bright, Indirect Light","Spring, Summer",Low to Moderate,Loamy,,High,9 to 11,,,,,,https://brainygardener.com/heartleaf-philodendron-philodendron-hederaceum/,Vine,75,100,20,50,No
185,Echeveria ,Echeveria ‘Black Prince’,Crassulaceae,Succulent,Mexico,Yes,Low,4-10 in,4-10 in,Small,"Bright, Indirect Light","Spring, Summer",Low to Moderate,Loamy,Drought,None,9 to 12,,,,,,https://brainygardener.com/echeveria-black-prince/,Succulent,75,100,20,60,Yes
186,Agave americana ,Agave americana ‘Mediopicta Alba’,Asparagaceae,Succulent,Garden Origin,Yes,Low,3-4 ft,3-4 ft,Medium,Full Sun to Part Shade,Summer,Low,"Loamy, Sandy","Drought, Salt",Mild,8 to 11,Yellow,,,,,https://brainygardener.com/agave-americana-mediopicta-alba-care/,Succulent,50,100,10,50,Yes
187,Delosperma ,Delosperma ‘Jewel Of The Desert Topaz’,Aizoaceae,Succulent,Garden Origin,Yes,Low,4-6 in,4-6 in,Small,Full Sun,"Spring, Summer, Autumn",Low,"Loamy, Sandy",Drought,None,5 to 10,,,,,,https://brainygardener.com/delosperma-jewel-of-the-desert-topaz/,Succulent,100,100,-20,40,Yes
188,Aloe capitata var. quartziticola,Quartzite Aloe,Asphodelaceae,Succulent,Madagascar,No,Low,2-3 ft,2-3 ft,Medium,Full Sun to Light Shade,"Spring, Summer",Low,"Loamy, Sandy",Drought,None,9 to 12,"Yellow, Orange",,,,,https://brainygardener.com/aloe-capitata-var-quartziticola-care/,Succulent,75,100,20,60,Yes
189,Parodia leninghausii,"Yellow Tower Cactus, Lemon Ball, Golden Ball",Cactaceae,Cactus,Brazil,No,Low,3-4 ft,5-6 in,Medium,Full Sun,"Spring, Summer",Low,"Loamy, Sandy",Drought,None,9a to 11b,Yellow,Echinocactus leninghausii Eriocactus leninghausii Eriocephala leninghausii Malacocarpus leninghausii Notocactus leninghausii Pilocereus leninghausii,Parodia,Evergreen,"by seeds, by cuttings",https://brainygardener.com/yellow-tower-cactus-parodia-leninghausii-care/,Cactus,100,100,20,50,Yes
190,Crassula falcata,Propeller Plant,Crassulaceae,Succulent,South Africa,No,Low,1-2 ft,1-2 ft,Medium,Full Sun to Part Shade,Summer,Low,"Loamy, Sandy",Drought,None,9a to 11b,Red,Crassula perfolata var. falcata,Crassula,Evergreen,"by seeds, by cuttings",https://brainygardener.com/propeller-plant-crassula-falcata-indoor-care/,Succulent,50,100,20,50,Yes
191,Guzmania musaica,"Mosaic Vase, Guzmania",Bromeliaceae,Epiphyte,Costa Rica to NW. Venezuela and NW. Ecuador,No,Moderate,8-16 in,8-16 in,Small,Full Sun to Part Shade,Rare,High,Orchid or Bark Mix,,None,9 to 11,"Red, Yellow, Orange, White","Tillandsia musaica, Billbergia musaica, Caraguata musaica, Massangea musaica, Tillandsia mosaic, Guzmania musaica var. concolor, Guzmania musaica var. discolor, Guzmania musaica var. rosea, Guzmania musaica var. zebrina",Guzmania,Leathery Evergreen,by offsets,https://brainygardener.com/guzmania-musaica-indoor-care-guide/,Epiphyte,50,100,20,50,No
192,Agave montana,Mountain Agave,Asparagaceae,Succulent,Northeastern Mexico,Yes,Low,3-4 ft,3-4 ft,Medium,Full Sun to Part Shade,Summer,Low,"Loamy, Sandy",Drought,None,7 to 10,"Yellow, Gold",,,,,https://brainygardener.com/agave-montana-mountain-agave/,Succulent,50,100,0,40,Yes
193,Epipremnum aureum ,Marble Queen Pothos,Araceae,Evergreen Vine,Australia,No,Low,10 ft,10 ft,Large,"Bright, Indirect Light","Spring, Summer",Low to Moderate,"Chalk, Clay, Loamy, Sandy",,High,11 to 12,,,,,,https://brainygardener.com/marble-queen-pothos/,Evergreen Vine,75,100,40,60,No
194,Gasteria carinata var. verrucosa,"Ox Tongue, Warty Aloe",Asphodelaceae,Succulent,South Africa,No,Low,12 in,12 in,Small,Full Sun to Part Shade,Rare,Low,"Loamy, Sandy",Drought,None,9 to 11,Green-pink,"Gasteria verrucosa, Aloe carnisa, Aloe verrucosa",Gasteria,Evergreen,"by offsets, by cuttings",https://brainygardener.com/ox-tongue-plant-gasteria-carinata-var-verrucosa/,Succulent,50,100,20,50,Yes
195,Haworthia,Haworthia,Asphodelaceae,Succulent,South Africa,No,Low,2-12 in,2-12 in,Small,Full Sun to Part Shade,,Low,"Loamy, Sandy",Drought,None,9 to 11,White-pink,"Apicra, Catevala",,Evergreen,"by offsets, by cuttings",https://brainygardener.com/haworthia-houseplant-care-guide/,Succulent,50,100,20,50,Yes
196,Aloe ferox,"Cape Aloe, Bitter Aloe",Asphodelaceae,Succulent,"South Africa, Lesotho",No,Low,6-9 ft,6-9 ft,Large,Full Sun,"Spring, Winter",Low,"Loamy, Sandy",Drought,None,9 to 12,"Red, Orange",,,,,https://brainygardener.com/aloe-ferox-cape-aloe-care/,Succulent,100,100,20,60,Yes
197,Agave weberi ,Weber Agave,Asparagaceae,Succulent,Garden Origin,Yes,Low,4-5 ft,4-5 ft,Large,Full Sun,Summer,Low,"Loamy, Sandy",Drought,Mild,9 to 11,Yellow,,,,,https://brainygardener.com/agave-weberi-arizona-star-weber-agave/,Succulent,100,100,20,50,Yes
198,Aeonium decorum ,Aeonium ‘Velour’,Crassulaceae,Succulent,"Hybrid, Garden origin",Yes,Low,2-3 ft,2-3 ft,Medium,Full Sun to Part Shade,"Spring, Summer",Low to Moderate,"Loamy, Sandy","Drought, Salt",None,10 to 11,Yellow,,,,,https://brainygardener.com/aeonium-velour-care/,Succulent,50,100,30,50,Yes
199,Neoregelia spectabilis,"Painted Fingernail Plant, Fingernail Bromeliad, Fingernail Plant, Marbled Fingernail, Miniature Marble Plant, Painted Fingernail Bromeliad",Bromeliaceae,Perennial; Herbaceous,Brazil,No,Moderate,12-16 in,16-32in,Medium,Part Shade,Summer,Moderate,Orchid or Bark Mix,,None,9b to 11,"Blue, Violet","Aregelia spectabilis, Karatas spectabilis, Nidularium eximium, Nidularium spectabile, Regelia spectabilis",Neoregelia,Evergreen,"by seeds, by offsets",https://brainygardener.com/painted-fingernail-neoregelia-spectabilis-care/,Herbaceous,50,50,25,50,No
200,Delosperma congestum,White Nugget,Aizoaceae,Succulent,Garden Origin,Yes,Low,1-2 in,8-12 in,Small,Full Sun,"Spring, Summer",Low to Moderate,Loamy,Drought,None,6 to 9,,,,,,https://brainygardener.com/delosperma-congestum-white-nugget/,Succulent,100,100,-10,30,Yes
201,Faucaria tigrina,Tiger Jaws,Aizoaceae,Succulent,South Africa,No,Low,4-6 in,4-6 in,Small,Full Sun,"Autumn, Winter",Low,"Loamy, Sandy",Drought,None,9 to 11,Yellow,Faucaria,Faucaria,Evergreen,"by offsets, by seeds",https://brainygardener.com/tiger-jaws-faucaria-tigrina-indoor-care-guide/,Succulent,100,100,20,50,Yes
202,Echeveria runyonii ,Topsy Turvy,Crassulaceae,Succulent,Mexico,Yes,Low,8-12 in,8-12 in,Small,"Bright, Indirect Light","Spring, Summer",Low to Moderate,Loamy,Drought,None,9 to 12,,,,,,https://brainygardener.com/echeveria-runyonii-topsy-turvy/,Succulent,75,100,20,60,Yes
203,Delosperma ,Delosperma ‘Jewel of the Desert Amethyst’,Aizoaceae,Succulent,South Africa,No,Low,4-6 in,4-6 in,Small,Full Sun,"Spring, Summer, Autumn, Winter",Low,"Loamy, Sandy",Drought,None,5 to 10,,,,,,https://brainygardener.com/delosperma-jewel-of-the-desert/,Succulent,100,100,-20,40,Yes
204,Aloe ,Aloe Blue Elf,Asphodelaceae,Succulent,Garden Origin,Yes,Low,1-2 ft,1-2 ft,Medium,Full Sun to Part Shade,"Spring, Winter",Low,"Loamy, Sandy","Drought, Salt",None,9 to 11,"Orange, Red",,,,,https://brainygardener.com/aloe-blue-elf-care/,Succulent,50,100,20,50,Yes
205,Aloe speciosa,Tilt-Head Aloe,Asphodelaceae,Succulent,South Africa,No,Low,8-10 ft,8-10 ft,Large,Full Sun,Summer,Low,Loamy,Drought,None,9 to 10,"Red, White",,,,,https://brainygardener.com/aloe-speciosa-tilt-head-aloe-care/,Succulent,100,100,20,40,Yes
206,Nephrolepis exaltata,"Boston Fern, Sword Fern",Nephrolepidaceae,Fern,"South America, Mexico",Yes,Low,2-3 ft,2-3 ft,Medium,Part Shade to Full Shade,,Moderate,"Loamy, Sandy",,None,9 to 11,,Nephrolepis,Nephrolepis,Evergreen,"by spores, by division",https://brainygardener.com/boston-fern-nephrolepis-exaltata-indoor-care/,Fern,0,50,20,50,No
207,Aptenia cordifolia ,Variegated Baby Sun Rose,Aizoaceae,Succulent,South Africa,No,Low,1 ft,1 ft,Medium,Full Sun,"Summer, Winter",Low,"Loamy, Sandy",Drought,None,10 to 11,"Pink, Purple, Red",,,,,https://brainygardener.com/aptenia-cordifolia-variegata-baby-sun-rose/,Succulent,100,100,30,50,Yes
208,Agave nickelsiae,King of the Agaves,Asparagaceae,Succulent,Northwestern Mexico,Yes,Low,2-3 ft,2-3 ft,Medium,Full Sun to Part Shade,Summer,Low,"Loamy, Sandy",Drought,Mild,7 to 11,"Yellow, Gold",,,,,https://brainygardener.com/agave-nickelsiae-king-of-the-agaves/,Succulent,50,100,0,50,Yes
209,Beaucarnea recurvata,"Ponytail Palm, Bottle Palm, Elephant foot Tree, Pony Tail Plant",Asparagaceae,Broadleaf Evergreen,"Belize, Guatemala, Southeastern Mexico",Yes,Low,6-8 ft,3-5 ft,Medium,Full Sun,Summer,Low,"Chalk, Clay, Loamy, Sandy",Drought,None,10 to 11,"White, Rare",Beaucarnea inermisBeaucarnea tuberculataDasylirion inermeDasylirion inermisDasylirion recurvatumNolina recurvataPincenectitia tuberculata,Beaucarnea,Evergreen,"by seeds, by offsets",https://brainygardener.com/ponytail-palm-beaucarnea-recurvata-indoor-care/,Broadleaf Evergreen,100,100,30,50,Yes
210,Aeonium decorum ,"Aeonium ‘Sunburst,’ Copper Pinwheel",Crassulaceae,Succulent,"Hybrid, Garden origin",Yes,Low,1-2 ft,1-2 ft,Medium,Full Sun to Part Shade,Spring,Low to Moderate,"Loamy, Sandy",Drought,None,9 to 11,Yellow,,,,,https://brainygardener.com/aeonium-sunburst-care/,Succulent,50,100,20,50,Yes
211,Philodendron hederaceum ,Variegated Heartleaf Philodendron,Araceae,Vine,Americas,Yes,Low,1-6 ft,1-6 ft,Medium,"Bright, Indirect Light","Spring, Summer",Low to Moderate,Loamy,,High,11 to 12,,,,,,https://brainygardener.com/philodendron-brasil-care/,Vine,75,100,40,60,No
212,Agave ,Blue Glow Agave,Asparagaceae,Succulent,Garden Origin,Yes,Low,1-2 ft,1-2 ft,Medium,Full Sun to Part Shade,Summer,Low,"Loamy, Sandy","Drought, Salt",Mild,8 to 11,Yellow,,,,,https://brainygardener.com/agave-blue-glow-care/,Succulent,50,100,10,50,Yes
213,Delosperma ,Delosperma ‘Wheels Of Wonder – Fire Wonder’,Aizoaceae,Succulent,Garden Origin,Yes,Low,4-6 in,4-6 in,Small,Full Sun,"Summer, Autumn",Low,"Loamy, Sandy",Drought,None,6 to 10,,,,,,https://brainygardener.com/delosperma-wheels-of-wonder-fire-wonder/,Succulent,100,100,-10,40,Yes
214,Mammillaria bocasana,"Powder Puff Cactus, Powder Puff Pincushion",Cactaceae,Cactus,Mexico,Yes,Low,2-5 in,2-3 in,Small,Full Sun to Part Shade,"Spring, Summer",Low,"Loamy, Sandy",Drought,None,9 to 11,"White, Yellow, Pink","Cactus bocasanus, Chilita bocasana, Ebnerella bocasana, Krainzia bocasana,  Neomammillaria bocasana",Mammillaria,Evergreen,"by seeds, by offsets",https://brainygardener.com/powder-puff-cactus-mammillaria-bocasana-care/,Cactus,50,100,20,50,Yes
215,Aloe distans,Jewel Aloe,Asphodelaceae,Succulent,South Africa,No,Low,1-2 ft,1-2 ft,Medium,Full Sun to Light Shade,Spring,Low,"Loamy, Sandy",Drought,None,9 to 11,"Yellow, Red",,,,,https://brainygardener.com/aloe-distans-jewel-aloe-care/,Succulent,75,100,20,50,Yes
216,Agave potatorum ,Agave ‘Kissho Kan’,Asparagaceae,Succulent,Garden Origin,Yes,Low,1-2 ft,1-2 ft,Medium,Full Sun to Part Shade,Summer,Low,"Loamy, Sandy","Drought, Salt",None,9 to 11,"Yellow, Orange",,,,,https://brainygardener.com/agave-kissho-kan/,Succulent,50,100,20,50,Yes
217,Sedum morganianum,"Burro’s Tail, Donkey’s Tail, Horse’s Tail, Lamb’s Tail, Stonecrop",Crassulaceae,Succulent,Southern Mexico,Yes,Low,1-4 ft,1-2 ft,Medium,Full Sun to Part Shade,"Summer, Rare",Low,"Loamy, Sandy",Drought,None,10 to 11,Purple-red,,Sedum,Evergreen,"by cuttings, by seeds, by division",https://brainygardener.com/burros-tail-sedum-morganianum-indoor-care-guide/,Succulent,50,100,30,50,Yes
218,Aloe Petricola,Stone Aloe,Asphodelaceae,Succulent,South Africa,No,Low,1-2 ft,1-2 ft,Medium,Full Sun to Part Shade,,Low,"Loamy, Sandy",Drought,None,9 to 11,"Red, Orange (Buds)White, Green (Flowers)",,,,,https://brainygardener.com/aloe-petricola-stone-aloe-care/,Succulent,50,100,20,50,Yes
219,Aeonium arboreum ,Black Rose,Crassulaceae ,Succulent,"Hybrid, Garden origin",Yes,Low,3-4 ft,3-4 ft,Medium,Full Sun to Part Shade,Spring,Low to Moderate,"Loamy, Sandy","Drought, Salt",None,9 to 11,Yellow,,,,,https://brainygardener.com/aeonium-arboreum-zwartkop-care/,Succulent,50,100,20,50,Yes
220,Saintpaulia ionantha,African Violet,Gesneriaceae,herbaceous perennial,"Tanzania, Kenya",No,Moderate,6-24 in,6-24 in,Small,Part Shade,"Spring, Summer, Autumn, Winter",Moderate,Sandy,,None,11 to 12,"Blue, Purple, Pink, Violet",,Streptocarpus,Evergreen,by leaf cuttings,https://brainygardener.com/african-violet-streptocarpus-indoor-care-guide/,Herbaceous,50,50,40,60,No
221,Parodia ottonis,Indian Head Cactus,Cactaceae,Cactus,"Argentina, Brazil, Paraguay and Uruguay",No,Low,6-12 in,15-18 in,Medium,Full Sun to Part Shade,"Spring, Summer",Low,"Loamy, Sandy",Drought,None,9a to 11,Yellow,Cactus ottonis Echinocactus ottonis Malacocarpus ottonis Notocactus ottonis Peronocactus ottonis,Parodia,Evergreen,"by cuttings, by offsets, by seeds",https://brainygardener.com/indian-head-cactus-parodia-ottonis-care/,Cactus,50,100,20,50,Yes
222,Delosperma congestum ,Delosperma ‘Gold Nugget’,Aizoaceae,Succulent,Garden Origin,Yes,Low,1-2 in,1-2 in,Small,Full Sun,"Spring, Summer",Low to Moderate,Loamy,Drought,None,6 to 9,,,,,,https://brainygardener.com/delosperma-congestum-gold-nugget/,Succulent,100,100,-10,30,Yes
223,Philodendron xanadu,Winterbourn Philodendron,Araceae,Shrub,South America,No,Low,4-5 ft,4-5 ft,Large,"Bright, Indirect Light","Spring, Summer",Low to Moderate,Loamy,,High,9 to 11,,,,,,https://brainygardener.com/philodendron-xanadu-growing-and-care-guide/,Shrub,75,100,20,50,No
224,Delosperma dyeri Red Mountain,"Delosperma dyeri Red Mountain, Red Ice Plant, Delosperma dyeri ‘Red Mountain’Psdold’",Aizoaceae,Succulent,Garden Origin,Yes,Low,2-4 in,2-4 in,Small,Full Sun,"Spring, Summer, Autumn",Low to Moderate,Loamy,Drought,None,5 to 9,,,,,,https://brainygardener.com/delosperma-dyeri-red-mountain/,Succulent,100,100,-20,30,Yes
225,Aloe brevifolia,"Short-Leaf Aloe, Short-Leaved Aloe",Asphodelaceae,Succulent,South Africa,No,Low,1-2 ft,1-2 ft,Medium,Full Sun,Spring,Low,"Loamy, Sandy",Drought,Mild,8 to 11,"Orange, Red",,,,,https://brainygardener.com/aloe-brevifolia-short-leaf-aloe-care/,Succulent,100,100,10,50,Yes
226,Agave vilmoriniana ,"Agave ‘Stained Glass’, Variegated Octopus Agave",Asparagaceae,Succulent,Garden Origin,Yes,Low,3-4 ft,3-4 ft,Medium,Full Sun,Summer,Low,"Loamy, Sandy",Drought,Mild,9 to 11,"Yellow, Gold",,,,,https://brainygardener.com/agave-vilmoriniana-stained-glass/,Succulent,100,100,20,50,Yes
227,Echeveria ,Echeveria ‘Blue Atoll’,Crassulaceae,Succulent,Mexico,Yes,Low,4-6 in,4-6 in,Small,"Bright, Indirect Light","Spring, Summer",Low to Moderate,Loamy,Drought,None,9 to 12,,,,,,https://brainygardener.com/echeveria-blue-atoll/,Succulent,75,100,20,60,Yes
228,Agave americana,"Century Plant, American Aloe, Maguey",Asparagaceae,Succulent,"Mexico, Southwestern United States",Yes,Low,3-6 ft,3-6 ft,Medium,Full Sun to Part Shade,Summer,Low,"Loamy, Sandy","Drought, Salt",Mild,8 to 11,"Yellow, Green",,,,,https://brainygardener.com/agave-americana-century-plant-care/,Succulent,50,100,10,50,Yes
229,Aeonium arboreum ,Purple Rose,Crassulaceae,Succulent,Canary Islands,No,Low,3-5ft,3-5ft,Medium,Full Sun to Part Shade,Summer,Low to Moderate,"Loamy, Sandy","Drought, Salt",None,9 to 11,Yellow,,,,,https://brainygardener.com/aeonium-arboreum-atropurpureum-care/,Succulent,50,100,20,50,Yes
230,Dasylirion Serratifolium,Sandpaper Sotol,Asparagaceae,"Cactus – Succulents, Shrubs",Mexico,Yes,Low,3-6 ft,3-6 ft,Medium,Full Sun,Summer,Low,"Loamy, Sandy",Drought,None,8 to 11,,,,,,https://brainygardener.com/dasylirion-serratifolium-sandpaper-sotol/,Succulent,100,100,10,50,Yes
231,Kalanchoe tomentosa,"Panda Plant, Pussy Ears",Crassulaceae,Succulent,Madagascar,No,Low,1-3 ft,2-3 ft,Medium,Full Sun to Part Shade,Spring,Low,"Loamy, Sandy",Drought,Mild,9a to 11b,Yellow-green,,Kalanchoe,Evergreen,"by seeds, by offsets",https://brainygardener.com/panda-plant-kalanchoe-tomentosa-care/,Succulent,50,100,20,50,Yes
232,Parodia magnifica,"Ball Cactus, Balloon Cactus, Silver Ball Cactus, Rounded Ball Cactus",Cactaceae,Cactus,Southern Brazil,No,Low,10-12 in,3-9 in,Small,Full Sun to Part Shade,Summer,Low,"Chalk, Loamy, Sandy",Drought,None,9 to 12,Yellow,"Eriocactus magnificus, Notocactus magnificus",Parodia,Evergreen,"by seeds, by offsets",https://brainygardener.com/ball-cactus-parodia-magnifica-indoor-care-guide/,Cactus,50,100,20,60,Yes
233,Echeveria peacockii,Peacock Echeveria,Crassulaceae,Succulent,Mexico,Yes,Low,3-12 in,3-12 in,Small,"Bright, Indirect Light","Spring, Summer",Low to Moderate,Loamy,Drought,None,9 to 12,,,,,,https://brainygardener.com/echeveria-peacockii-peacock-echeveria/,Succulent,75,100,20,60,Yes
234,Echinocereus stramineus,Strawberry Hedgehog Cactus,Cactaceae,Cactus,South America,No,Low,4-12 in,4-12 in,Small,Full Sun,Summer,Low,"Loamy, Sandy",Drought,None,10 to 11,"Pink, Purple",,,Evergreen,"by cuttings, by offsets",https://brainygardener.com/sea-urchin-cactus-echinopsis-indoor-care-guide/,Cactus,100,100,30,50,Yes
